p2name0_hist,{key0:value0}|hist|92|12|{1,5,8,12}
p2name1_lval,{key1:value1}|lval|-37
p2name2_dist,{key2:value2}|dist|-95|-48|33|12|{-37,1,23}
p2name3_mmsc,{key3:value3}|mmsc|134|-50|49|12
p2name4_dist,{key4:value4}|dist|-82|-47|45|12|{-31,0,35}
p2name5_dist,{key5:value5}|dist|130|-35|49|12|{-1,9,37}
p2name6_hist,{key6:value6}|hist|-184|12|{4,9,12,12}
p2name7_dist,{key7:value7}|dist|71|-48|48|12|{-11,15,33}
p2name8_dist,{key8:value8}|dist|-123|-48|26|12|{-24,-14,13}
p2name9_hist,{key9:value9}|hist|-99|12|{5,8,9,12}
p2name10_mmsc,{key10:value10}|mmsc|-8|-36|39|12
p2name11_hist,{key11:value11}|hist|10|12|{2,5,9,12}
p2name12_hist,{key12:value12}|hist|43|12|{3,6,8,12}
p2name13_sum,{key13:value13}|sum|67
p2name14_dist,{key14:value14}|dist|-41|-50|41|12|{-33,0,36}
p2name15_dist,{key15:value15}|dist|10|-46|47|12|{-32,9,42}
p2name16_hist,{key16:value16}|hist|-79|12|{3,6,10,12}
p2name17_mmsc,{key17:value17}|mmsc|-39|-32|33|12
p2name18_dist,{key18:value18}|dist|106|-43|46|12|{-16,31,39}
p2name19_mmsc,{key19:value19}|mmsc|-26|-48|41|12
p2name20_lval,{key20:value20}|lval|47
p2name21_mmsc,{key21:value21}|mmsc|90|-35|49|12
p2name22_dist,{key22:value22}|dist|-54|-50|45|12|{-26,-6,19}
p2name23_sum,{key23:value23}|sum|50
p2name24_lval,{key24:value24}|lval|-1
p2name25_hist,{key25:value25}|hist|-103|12|{4,8,10,12}
p2name26_mmsc,{key26:value26}|mmsc|74|-44|39|12
p2name27_hist,{key27:value27}|hist|-33|12|{4,6,9,12}
p2name28_lval,{key28:value28}|lval|-4
p2name29_hist,{key29:value29}|hist|-121|12|{4,9,10,12}
p2name30_mmsc,{key30:value30}|mmsc|3|-43|44|12
p2name31_hist,{key31:value31}|hist|117|12|{1,4,9,12}
p2name32_sum,{key32:value32}|sum|292
p2name33_dist,{key33:value33}|dist|-3|-39|39|12|{-25,2,27}
p2name34_sum,{key34:value34}|sum|-92
p2name35_dist,{key35:value35}|dist|183|-35|49|12|{0,23,40}
p2name36_hist,{key36:value36}|hist|35|12|{2,6,8,12}
p2name37_dist,{key37:value37}|dist|-169|-46|31|12|{-27,-21,15}
p2name38_lval,{key38:value38}|lval|15
p2name39_hist,{key39:value39}|hist|-42|12|{4,7,9,12}
p2name40_dist,{key40:value40}|dist|-43|-42|45|12|{-26,1,27}
p2name41_lval,{key41:value41}|lval|-29
p2name42_mmsc,{key42:value42}|mmsc|112|-44|45|12
p2name43_hist,{key43:value43}|hist|73|12|{1,4,9,12}
p2name44_dist,{key44:value44}|dist|15|-43|40|12|{-32,12,32}
p2name45_dist,{key45:value45}|dist|-85|-41|49|12|{-23,-2,5}
p2name46_dist,{key46:value46}|dist|-28|-49|43|12|{-23,-2,32}
p2name47_sum,{key47:value47}|sum|34
p2name48_hist,{key48:value48}|hist|-41|12|{2,7,11,12}
p2name49_lval,{key49:value49}|lval|38
p2name50_dist,{key50:value50}|dist|-77|-49|49|12|{-23,-1,7}
p2name51_dist,{key51:value51}|dist|-95|-43|36|12|{-29,-10,20}
p2name52_hist,{key52:value52}|hist|-50|12|{4,7,8,12}
p2name53_hist,{key53:value53}|hist|42|12|{2,6,8,12}
p2name54_hist,{key54:value54}|hist|7|12|{3,4,9,12}
p2name55_lval,{key55:value55}|lval|5
p2name56_mmsc,{key56:value56}|mmsc|68|-46|49|12
p2name57_sum,{key57:value57}|sum|47
p2name58_hist,{key58:value58}|hist|-95|12|{4,7,11,12}
p2name59_hist,{key59:value59}|hist|-20|12|{3,5,9,12}
p2name60_hist,{key60:value60}|hist|-46|12|{3,7,8,12}
p2name61_mmsc,{key61:value61}|mmsc|35|-43|47|12
p2name62_sum,{key62:value62}|sum|6
p2name63_dist,{key63:value63}|dist|55|-49|46|12|{-16,9,39}
p2name64_hist,{key64:value64}|hist|101|12|{2,3,9,12}
p2name65_lval,{key65:value65}|lval|28
p2name66_hist,{key66:value66}|hist|-15|12|{3,6,8,12}
p2name67_mmsc,{key67:value67}|mmsc|55|-41|45|12
p2name68_sum,{key68:value68}|sum|149
p2name69_sum,{key69:value69}|sum|-107
p2name70_sum,{key70:value70}|sum|-47
p2name71_mmsc,{key71:value71}|mmsc|-39|-49|45|12
p2name72_dist,{key72:value72}|dist|22|-45|48|12|{-26,-9,42}
p2name73_lval,{key73:value73}|lval|-15
p2name74_sum,{key74:value74}|sum|-44
p2name75_hist,{key75:value75}|hist|-203|12|{4,8,12,12}
p2name76_hist,{key76:value76}|hist|118|12|{2,5,6,12}
p2name77_lval,{key77:value77}|lval|42
p2name78_dist,{key78:value78}|dist|-101|-50|49|12|{-23,-4,7}
p2name79_hist,{key79:value79}|hist|-85|12|{4,6,9,12}
p2name80_mmsc,{key80:value80}|mmsc|69|-20|39|12
p2name81_mmsc,{key81:value81}|mmsc|-196|-50|14|12
p2name82_lval,{key82:value82}|lval|-10
p2name83_hist,{key83:value83}|hist|86|12|{3,4,8,12}
p2name84_dist,{key84:value84}|dist|-75|-40|38|12|{-21,-7,12}
p2name85_hist,{key85:value85}|hist|47|12|{3,4,9,12}
p2name86_hist,{key86:value86}|hist|-110|12|{4,8,10,12}
p2name87_hist,{key87:value87}|hist|14|12|{4,6,8,12}
p2name88_lval,{key88:value88}|lval|-1
p2name89_lval,{key89:value89}|lval|7
p2name90_dist,{key90:value90}|dist|20|-40|41|12|{-21,14,24}
p2name91_sum,{key91:value91}|sum|-68
p2name92_hist,{key92:value92}|hist|80|12|{2,6,8,12}
p2name93_mmsc,{key93:value93}|mmsc|81|-43|48|12
p2name94_sum,{key94:value94}|sum|-37
p2name95_mmsc,{key95:value95}|mmsc|-25|-39|29|12
p2name96_sum,{key96:value96}|sum|60
p2name97_lval,{key97:value97}|lval|-50
p2name98_mmsc,{key98:value98}|mmsc|-4|-45|38|12
p2name99_lval,{key99:value99}|lval|-42
p2name100_sum,{key100:value100}|sum|-60
p2name101_hist,{key101:value101}|hist|-40|12|{3,7,9,12}
p2name102_hist,{key102:value102}|hist|40|12|{2,6,9,12}
p2name103_lval,{key103:value103}|lval|14
p2name104_mmsc,{key104:value104}|mmsc|-118|-36|36|12
p2name105_sum,{key105:value105}|sum|16
p2name106_lval,{key106:value106}|lval|-31
p2name107_hist,{key107:value107}|hist|-12|12|{3,6,10,12}
p2name108_mmsc,{key108:value108}|mmsc|-131|-47|39|12
p2name109_mmsc,{key109:value109}|mmsc|-192|-50|33|12
p2name110_dist,{key110:value110}|dist|-93|-45|29|12|{-29,-7,24}
p2name111_lval,{key111:value111}|lval|15
p2name112_lval,{key112:value112}|lval|9
p2name113_mmsc,{key113:value113}|mmsc|143|-23|46|12
p2name114_dist,{key114:value114}|dist|42|-31|37|12|{-23,15,31}
p2name115_hist,{key115:value115}|hist|150|12|{0,3,8,12}
p2name116_sum,{key116:value116}|sum|-43
p2name117_lval,{key117:value117}|lval|14
p2name118_hist,{key118:value118}|hist|-158|12|{5,9,10,12}
p2name119_dist,{key119:value119}|dist|-80|-50|48|12|{-40,-8,32}
p2name120_dist,{key120:value120}|dist|-39|-50|42|12|{-28,9,30}
p2name121_hist,{key121:value121}|hist|64|12|{2,5,8,12}
p2name122_hist,{key122:value122}|hist|29|12|{3,6,8,12}
p2name123_hist,{key123:value123}|hist|16|12|{3,6,9,12}
p2name124_lval,{key124:value124}|lval|0
p2name125_sum,{key125:value125}|sum|119
p2name126_hist,{key126:value126}|hist|-6|12|{4,5,8,12}
p2name127_dist,{key127:value127}|dist|-32|-40|48|12|{-33,6,20}
p2name128_mmsc,{key128:value128}|mmsc|-30|-49|45|12
p2name129_hist,{key129:value129}|hist|15|12|{0,6,9,12}
p2name130_hist,{key130:value130}|hist|-152|12|{5,8,9,12}
p2name131_dist,{key131:value131}|dist|1|-36|48|12|{-26,8,33}
p2name132_mmsc,{key132:value132}|mmsc|8|-48|49|12
p2name133_lval,{key133:value133}|lval|25
p2name134_hist,{key134:value134}|hist|-168|12|{6,8,10,12}
p2name135_sum,{key135:value135}|sum|54
p2name136_lval,{key136:value136}|lval|-31
p2name137_mmsc,{key137:value137}|mmsc|57|-29|47|12
p2name138_mmsc,{key138:value138}|mmsc|-19|-49|43|12
p2name139_mmsc,{key139:value139}|mmsc|117|-37|42|12
p2name140_sum,{key140:value140}|sum|-44
p2name141_mmsc,{key141:value141}|mmsc|31|-45|46|12
p2name142_lval,{key142:value142}|lval|-43
p2name143_sum,{key143:value143}|sum|60
p2name144_sum,{key144:value144}|sum|11
p2name145_hist,{key145:value145}|hist|59|12|{3,4,8,12}
p2name146_lval,{key146:value146}|lval|39
p2name147_hist,{key147:value147}|hist|169|12|{2,3,6,12}
p2name148_lval,{key148:value148}|lval|7
p2name149_mmsc,{key149:value149}|mmsc|149|-44|44|12
p2name150_mmsc,{key150:value150}|mmsc|15|-36|45|12
p2name151_mmsc,{key151:value151}|mmsc|-89|-46|38|12
p2name152_hist,{key152:value152}|hist|-103|12|{5,8,9,12}
p2name153_dist,{key153:value153}|dist|51|-37|46|12|{-20,10,28}
p2name154_sum,{key154:value154}|sum|-62
p2name155_hist,{key155:value155}|hist|208|12|{0,4,8,12}
p2name156_lval,{key156:value156}|lval|-38
p2name157_sum,{key157:value157}|sum|-8
p2name158_sum,{key158:value158}|sum|43
p2name159_mmsc,{key159:value159}|mmsc|-74|-44|49|12
p2name160_lval,{key160:value160}|lval|-14
p2name161_lval,{key161:value161}|lval|-11
p2name162_lval,{key162:value162}|lval|18
p2name163_dist,{key163:value163}|dist|50|-47|41|12|{-6,9,27}
p2name164_hist,{key164:value164}|hist|-31|12|{4,6,8,12}
p2name165_sum,{key165:value165}|sum|7
p2name166_dist,{key166:value166}|dist|51|-49|48|12|{-15,9,33}
p2name167_lval,{key167:value167}|lval|48
p2name168_lval,{key168:value168}|lval|11
p2name169_sum,{key169:value169}|sum|-32
p2name170_dist,{key170:value170}|dist|16|-39|49|12|{-14,6,22}
p2name171_lval,{key171:value171}|lval|42
p2name172_dist,{key172:value172}|dist|-50|-36|40|12|{-21,-1,16}
p2name173_hist,{key173:value173}|hist|160|12|{1,4,7,12}
p2name174_dist,{key174:value174}|dist|-151|-46|32|12|{-29,-19,26}
p2name175_mmsc,{key175:value175}|mmsc|20|-42|48|12
p2name176_sum,{key176:value176}|sum|61
p2name177_mmsc,{key177:value177}|mmsc|97|-29|45|12
p2name178_lval,{key178:value178}|lval|-35
p2name179_hist,{key179:value179}|hist|138|12|{0,4,9,12}
p2name180_dist,{key180:value180}|dist|-14|-48|40|12|{-14,-2,33}
p2name181_sum,{key181:value181}|sum|22
p2name182_hist,{key182:value182}|hist|-115|12|{4,7,11,12}
p2name183_hist,{key183:value183}|hist|-12|12|{1,7,9,12}
p2name184_dist,{key184:value184}|dist|36|-39|47|12|{-30,9,44}
p2name185_dist,{key185:value185}|dist|127|-30|45|12|{-9,18,36}
p2name186_hist,{key186:value186}|hist|-153|12|{5,8,10,12}
p2name187_mmsc,{key187:value187}|mmsc|26|-47|40|12
p2name188_dist,{key188:value188}|dist|-127|-45|37|12|{-29,-16,11}
p2name189_lval,{key189:value189}|lval|1
p2name190_sum,{key190:value190}|sum|-8
p2name191_hist,{key191:value191}|hist|-74|12|{5,6,10,12}
p2name192_hist,{key192:value192}|hist|15|12|{2,5,8,12}
p2name193_hist,{key193:value193}|hist|-144|12|{5,8,11,12}
p2name194_hist,{key194:value194}|hist|44|12|{2,5,8,12}
p2name195_mmsc,{key195:value195}|mmsc|14|-43|42|12
p2name196_hist,{key196:value196}|hist|79|12|{1,6,8,12}
p2name197_mmsc,{key197:value197}|mmsc|-88|-49|43|12
p2name198_mmsc,{key198:value198}|mmsc|-42|-48|40|12
p2name199_sum,{key199:value199}|sum|197
p2name200_hist,{key200:value200}|hist|-97|12|{4,7,11,12}
p2name201_mmsc,{key201:value201}|mmsc|-95|-47|41|12
p2name202_sum,{key202:value202}|sum|119
p2name203_lval,{key203:value203}|lval|-33
p2name204_hist,{key204:value204}|hist|41|12|{2,4,9,12}
p2name205_mmsc,{key205:value205}|mmsc|-1|-45|37|12
p2name206_hist,{key206:value206}|hist|-50|12|{6,7,8,12}
p2name207_dist,{key207:value207}|dist|2|-35|47|12|{-28,-5,35}
p2name208_hist,{key208:value208}|hist|-34|12|{2,8,9,12}
p2name209_dist,{key209:value209}|dist|-47|-30|45|12|{-18,-15,22}
p2name210_lval,{key210:value210}|lval|33
p2name211_sum,{key211:value211}|sum|-10
p2name212_dist,{key212:value212}|dist|37|-48|42|12|{-19,18,29}
p2name213_hist,{key213:value213}|hist|116|12|{2,4,8,12}
p2name214_sum,{key214:value214}|sum|-11
p2name215_hist,{key215:value215}|hist|-119|12|{6,7,9,12}
p2name216_mmsc,{key216:value216}|mmsc|37|-49|47|12
p2name217_sum,{key217:value217}|sum|-42
p2name218_lval,{key218:value218}|lval|0
p2name219_sum,{key219:value219}|sum|-24
p2name220_lval,{key220:value220}|lval|30
p2name221_mmsc,{key221:value221}|mmsc|4|-49|44|12
p2name222_lval,{key222:value222}|lval|6
p2name223_dist,{key223:value223}|dist|12|-41|40|12|{-12,6,29}
p2name224_lval,{key224:value224}|lval|-22
p2name225_dist,{key225:value225}|dist|-122|-44|40|12|{-31,-8,-1}
p2name226_mmsc,{key226:value226}|mmsc|21|-48|49|12
p2name227_dist,{key227:value227}|dist|83|-24|44|12|{-11,15,31}
p2name228_hist,{key228:value228}|hist|63|12|{2,6,8,12}
p2name229_sum,{key229:value229}|sum|-122
p2name230_dist,{key230:value230}|dist|-52|-43|40|12|{-30,-3,22}
p2name231_sum,{key231:value231}|sum|-123
p2name232_dist,{key232:value232}|dist|-45|-42|44|12|{-20,-12,23}
p2name233_lval,{key233:value233}|lval|-47
p2name234_lval,{key234:value234}|lval|-23
p2name235_sum,{key235:value235}|sum|102
p2name236_mmsc,{key236:value236}|mmsc|-15|-50|42|12
p2name237_mmsc,{key237:value237}|mmsc|23|-47|48|12
p2name238_lval,{key238:value238}|lval|24
p2name239_lval,{key239:value239}|lval|-27
p2name240_hist,{key240:value240}|hist|-74|12|{4,6,10,12}
p2name241_dist,{key241:value241}|dist|-139|-42|42|12|{-33,-14,5}
p2name242_lval,{key242:value242}|lval|-26
p2name243_dist,{key243:value243}|dist|120|-45|46|12|{-6,16,41}
p2name244_dist,{key244:value244}|dist|-122|-48|44|12|{-23,-10,12}
p2name245_sum,{key245:value245}|sum|-158
p2name246_sum,{key246:value246}|sum|-15
p2name247_hist,{key247:value247}|hist|111|12|{1,5,10,12}
p2name248_mmsc,{key248:value248}|mmsc|150|-42|48|12
p2name249_dist,{key249:value249}|dist|-70|-42|42|12|{-35,0,22}
p2name250_hist,{key250:value250}|hist|-105|12|{6,8,9,12}
p2name251_dist,{key251:value251}|dist|-82|-49|48|12|{-39,-6,38}
p2name252_sum,{key252:value252}|sum|99
p2name253_hist,{key253:value253}|hist|-139|12|{5,7,11,12}
p2name254_hist,{key254:value254}|hist|4|12|{4,6,8,12}
p2name255_lval,{key255:value255}|lval|-21
p2name256_dist,{key256:value256}|dist|53|-44|49|12|{-13,5,34}
p2name257_mmsc,{key257:value257}|mmsc|47|-45|41|12
p2name258_sum,{key258:value258}|sum|28
p2name259_dist,{key259:value259}|dist|-136|-49|48|12|{-29,-10,3}
p2name260_mmsc,{key260:value260}|mmsc|142|-38|49|12
p2name261_sum,{key261:value261}|sum|-15
p2name262_sum,{key262:value262}|sum|126
p2name263_hist,{key263:value263}|hist|138|12|{2,4,7,12}
p2name264_sum,{key264:value264}|sum|-92
p2name265_mmsc,{key265:value265}|mmsc|27|-50|41|12
p2name266_dist,{key266:value266}|dist|201|-45|49|12|{4,26,41}
p2name267_dist,{key267:value267}|dist|-37|-38|46|12|{-21,-10,30}
p2name268_dist,{key268:value268}|dist|-18|-47|35|12|{-20,2,26}
p2name269_dist,{key269:value269}|dist|-91|-48|44|12|{-30,-8,22}
p2name270_dist,{key270:value270}|dist|25|-50|48|12|{-4,6,27}
p2name271_sum,{key271:value271}|sum|-127
p2name272_lval,{key272:value272}|lval|40
p2name273_mmsc,{key273:value273}|mmsc|27|-32|46|12
p2name274_sum,{key274:value274}|sum|81
p2name275_sum,{key275:value275}|sum|-15
p2name276_dist,{key276:value276}|dist|47|-34|46|12|{-13,4,22}
p2name277_dist,{key277:value277}|dist|-47|-48|49|12|{-24,-8,24}
p2name278_dist,{key278:value278}|dist|-46|-50|44|12|{-29,15,23}
p2name279_mmsc,{key279:value279}|mmsc|-47|-46|40|12
p2name280_hist,{key280:value280}|hist|20|12|{2,5,9,12}
p2name281_mmsc,{key281:value281}|mmsc|-190|-46|42|12
p2name282_dist,{key282:value282}|dist|53|-43|45|12|{-22,9,41}
p2name283_lval,{key283:value283}|lval|-31
p2name284_hist,{key284:value284}|hist|110|12|{2,6,7,12}
p2name285_lval,{key285:value285}|lval|23
p2name286_sum,{key286:value286}|sum|-98
p2name287_hist,{key287:value287}|hist|13|12|{1,7,9,12}
p2name288_hist,{key288:value288}|hist|-83|12|{4,7,10,12}
p2name289_sum,{key289:value289}|sum|-57
p2name290_mmsc,{key290:value290}|mmsc|21|-47|45|12
p2name291_mmsc,{key291:value291}|mmsc|-168|-46|47|12
p2name292_mmsc,{key292:value292}|mmsc|-43|-41|34|12
p2name293_sum,{key293:value293}|sum|-24
p2name294_mmsc,{key294:value294}|mmsc|35|-49|43|12
p2name295_dist,{key295:value295}|dist|-175|-45|14|12|{-24,-15,5}
p2name296_sum,{key296:value296}|sum|21
p2name297_hist,{key297:value297}|hist|83|12|{4,5,8,12}
p2name298_dist,{key298:value298}|dist|68|-46|40|12|{-8,13,29}
p2name299_lval,{key299:value299}|lval|39
p2name300_dist,{key300:value300}|dist|52|-50|41|12|{-19,5,32}
p2name301_mmsc,{key301:value301}|mmsc|-56|-49|48|12
p2name302_mmsc,{key302:value302}|mmsc|96|-36|47|12
p2name303_mmsc,{key303:value303}|mmsc|122|-30|42|12
p2name304_sum,{key304:value304}|sum|18
p2name305_dist,{key305:value305}|dist|-122|-49|24|12|{-36,-1,11}
p2name306_lval,{key306:value306}|lval|-33
p2name307_dist,{key307:value307}|dist|123|-36|44|12|{-4,24,31}
p2name308_mmsc,{key308:value308}|mmsc|20|-37|45|12
p2name309_mmsc,{key309:value309}|mmsc|-22|-40|40|12
p2name310_mmsc,{key310:value310}|mmsc|-40|-41|31|12
p2name311_mmsc,{key311:value311}|mmsc|-123|-50|42|12
p2name312_lval,{key312:value312}|lval|20
p2name313_dist,{key313:value313}|dist|100|-26|39|12|{-7,13,33}
p2name314_hist,{key314:value314}|hist|53|12|{3,6,8,12}
p2name315_lval,{key315:value315}|lval|3
p2name316_dist,{key316:value316}|dist|12|-43|44|12|{-20,5,29}
p2name317_sum,{key317:value317}|sum|-72
p2name318_lval,{key318:value318}|lval|14
p2name319_mmsc,{key319:value319}|mmsc|18|-50|41|12
p2name320_hist,{key320:value320}|hist|18|12|{4,5,9,12}
p2name321_lval,{key321:value321}|lval|45
p2name322_dist,{key322:value322}|dist|102|-42|49|12|{-12,10,41}
p2name323_lval,{key323:value323}|lval|44
p2name324_sum,{key324:value324}|sum|-44
p2name325_hist,{key325:value325}|hist|78|12|{1,4,9,12}
p2name326_sum,{key326:value326}|sum|-162
p2name327_dist,{key327:value327}|dist|149|-44|49|12|{-2,20,41}
p2name328_dist,{key328:value328}|dist|88|-41|49|12|{-12,7,39}
p2name329_lval,{key329:value329}|lval|-47
p2name330_dist,{key330:value330}|dist|131|-48|49|12|{-2,21,32}
p2name331_sum,{key331:value331}|sum|27
p2name332_dist,{key332:value332}|dist|-38|-48|39|12|{-30,6,26}
p2name333_mmsc,{key333:value333}|mmsc|-114|-49|49|12
p2name334_dist,{key334:value334}|dist|103|-43|41|12|{-15,21,29}
p2name335_dist,{key335:value335}|dist|80|-44|49|12|{-20,25,37}
p2name336_sum,{key336:value336}|sum|-141
p2name337_mmsc,{key337:value337}|mmsc|-130|-48|49|12
p2name338_lval,{key338:value338}|lval|37
p2name339_dist,{key339:value339}|dist|-195|-49|34|12|{-43,-29,30}
p2name340_sum,{key340:value340}|sum|20
p2name341_lval,{key341:value341}|lval|-30
p2name342_mmsc,{key342:value342}|mmsc|-170|-49|36|12
p2name343_hist,{key343:value343}|hist|50|12|{2,6,7,12}
p2name344_hist,{key344:value344}|hist|-102|12|{4,6,11,12}
p2name345_dist,{key345:value345}|dist|87|-49|49|12|{-7,10,39}
p2name346_hist,{key346:value346}|hist|49|12|{2,7,7,12}
p2name347_lval,{key347:value347}|lval|24
p2name348_lval,{key348:value348}|lval|11
p2name349_hist,{key349:value349}|hist|73|12|{2,6,8,12}
p2name350_hist,{key350:value350}|hist|77|12|{3,5,7,12}
p2name351_lval,{key351:value351}|lval|23
p2name352_dist,{key352:value352}|dist|13|-48|42|12|{-21,13,23}
p2name353_lval,{key353:value353}|lval|-24
p2name354_lval,{key354:value354}|lval|35
p2name355_sum,{key355:value355}|sum|26
p2name356_hist,{key356:value356}|hist|-95|12|{4,7,10,12}
p2name357_dist,{key357:value357}|dist|154|-25|47|12|{1,17,29}
p2name358_lval,{key358:value358}|lval|44
p2name359_hist,{key359:value359}|hist|-56|12|{4,7,9,12}
p2name360_dist,{key360:value360}|dist|-2|-42|43|12|{-20,10,22}
p2name361_hist,{key361:value361}|hist|-37|12|{4,6,8,12}
p2name362_lval,{key362:value362}|lval|-26
p2name363_sum,{key363:value363}|sum|74
p2name364_lval,{key364:value364}|lval|-13
p2name365_hist,{key365:value365}|hist|-178|12|{4,9,10,12}
p2name366_lval,{key366:value366}|lval|-33
p2name367_sum,{key367:value367}|sum|1
p2name368_lval,{key368:value368}|lval|-28
p2name369_hist,{key369:value369}|hist|-42|12|{4,6,9,12}
p2name370_sum,{key370:value370}|sum|219
p2name371_dist,{key371:value371}|dist|14|-37|44|12|{-14,4,24}
p2name372_dist,{key372:value372}|dist|-240|-46|31|12|{-34,-22,-10}
p2name373_hist,{key373:value373}|hist|63|12|{2,4,8,12}
p2name374_hist,{key374:value374}|hist|-9|12|{3,6,10,12}
p2name375_sum,{key375:value375}|sum|-18
p2name376_dist,{key376:value376}|dist|-67|-50|45|12|{-40,10,25}
p2name377_hist,{key377:value377}|hist|-55|12|{3,6,10,12}
p2name378_lval,{key378:value378}|lval|40
p2name379_hist,{key379:value379}|hist|-88|12|{4,6,10,12}
p2name380_mmsc,{key380:value380}|mmsc|3|-46|44|12
p2name381_lval,{key381:value381}|lval|14
p2name382_dist,{key382:value382}|dist|54|-36|38|12|{-6,11,22}
p2name383_lval,{key383:value383}|lval|-20
p2name384_dist,{key384:value384}|dist|116|-42|48|12|{-4,17,36}
p2name385_sum,{key385:value385}|sum|-95
p2name386_dist,{key386:value386}|dist|-14|-48|42|12|{-30,7,32}
p2name387_mmsc,{key387:value387}|mmsc|27|-44|44|12
p2name388_sum,{key388:value388}|sum|186
p2name389_dist,{key389:value389}|dist|47|-40|40|12|{-10,10,35}
p2name390_mmsc,{key390:value390}|mmsc|99|-47|47|12
p2name391_mmsc,{key391:value391}|mmsc|-64|-39|42|12
p2name392_mmsc,{key392:value392}|mmsc|-120|-47|43|12
p2name393_dist,{key393:value393}|dist|-62|-46|29|12|{-25,1,21}
p2name394_sum,{key394:value394}|sum|48
p2name395_hist,{key395:value395}|hist|80|12|{0,5,9,12}
p2name396_sum,{key396:value396}|sum|18
p2name397_lval,{key397:value397}|lval|23
p2name398_mmsc,{key398:value398}|mmsc|-18|-46|48|12
p2name399_mmsc,{key399:value399}|mmsc|35|-39|49|12
p2name400_dist,{key400:value400}|dist|-147|-46|35|12|{-27,-12,4}
p2name401_lval,{key401:value401}|lval|-12
p2name402_hist,{key402:value402}|hist|26|12|{2,5,10,12}
p2name403_lval,{key403:value403}|lval|-13
p2name404_mmsc,{key404:value404}|mmsc|-65|-38|34|12
p2name405_mmsc,{key405:value405}|mmsc|-31|-43|43|12
p2name406_lval,{key406:value406}|lval|15
p2name407_mmsc,{key407:value407}|mmsc|-142|-47|49|12
p2name408_mmsc,{key408:value408}|mmsc|-44|-34|26|12
p2name409_lval,{key409:value409}|lval|-14
p2name410_lval,{key410:value410}|lval|13
p2name411_mmsc,{key411:value411}|mmsc|-188|-47|37|12
p2name412_lval,{key412:value412}|lval|-5
p2name413_lval,{key413:value413}|lval|-18
p2name414_mmsc,{key414:value414}|mmsc|42|-48|39|12
p2name415_hist,{key415:value415}|hist|-68|12|{6,7,8,12}
p2name416_dist,{key416:value416}|dist|-48|-33|45|12|{-16,-4,4}
p2name417_mmsc,{key417:value417}|mmsc|-7|-33|32|12
p2name418_sum,{key418:value418}|sum|1
p2name419_hist,{key419:value419}|hist|30|12|{3,5,8,12}
p2name420_mmsc,{key420:value420}|mmsc|-112|-49|40|12
p2name421_mmsc,{key421:value421}|mmsc|99|-47|43|12
p2name422_hist,{key422:value422}|hist|-91|12|{2,8,11,12}
p2name423_lval,{key423:value423}|lval|16
p2name424_mmsc,{key424:value424}|mmsc|150|-20|43|12
p2name425_dist,{key425:value425}|dist|58|-46|45|12|{-20,16,31}
p2name426_hist,{key426:value426}|hist|-173|12|{4,9,12,12}
p2name427_mmsc,{key427:value427}|mmsc|-178|-49|40|12
p2name428_mmsc,{key428:value428}|mmsc|-70|-46|31|12
p2name429_mmsc,{key429:value429}|mmsc|-19|-49|39|12
p2name430_dist,{key430:value430}|dist|26|-44|45|12|{-22,18,32}
p2name431_mmsc,{key431:value431}|mmsc|8|-39|41|12
p2name432_sum,{key432:value432}|sum|31
p2name433_mmsc,{key433:value433}|mmsc|-122|-47|35|12
p2name434_mmsc,{key434:value434}|mmsc|25|-48|43|12
p2name435_hist,{key435:value435}|hist|45|12|{3,6,8,12}
p2name436_sum,{key436:value436}|sum|99
p2name437_sum,{key437:value437}|sum|-95
p2name438_lval,{key438:value438}|lval|-2
p2name439_mmsc,{key439:value439}|mmsc|-208|-48|19|12
p2name440_mmsc,{key440:value440}|mmsc|15|-42|44|12
p2name441_hist,{key441:value441}|hist|-4|12|{4,5,9,12}
p2name442_dist,{key442:value442}|dist|-33|-50|45|12|{-15,-3,25}
p2name443_dist,{key443:value443}|dist|72|-49|45|12|{-13,26,37}
p2name444_mmsc,{key444:value444}|mmsc|-43|-48|47|12
p2name445_dist,{key445:value445}|dist|7|-48|49|12|{-27,6,23}
p2name446_mmsc,{key446:value446}|mmsc|-128|-50|39|12
p2name447_hist,{key447:value447}|hist|-98|12|{4,6,11,12}
p2name448_hist,{key448:value448}|hist|46|12|{2,4,10,12}
p2name449_sum,{key449:value449}|sum|-34
p2name450_sum,{key450:value450}|sum|-26
p2name451_hist,{key451:value451}|hist|54|12|{4,5,8,12}
p2name452_lval,{key452:value452}|lval|30
p2name453_lval,{key453:value453}|lval|-33
p2name454_sum,{key454:value454}|sum|-43
p2name455_lval,{key455:value455}|lval|-43
p2name456_mmsc,{key456:value456}|mmsc|31|-48|47|12
p2name457_dist,{key457:value457}|dist|-76|-50|47|12|{-31,0,15}
p2name458_sum,{key458:value458}|sum|95
p2name459_dist,{key459:value459}|dist|161|-40|46|12|{5,27,42}
p2name460_mmsc,{key460:value460}|mmsc|-52|-49|46|12
p2name461_mmsc,{key461:value461}|mmsc|1|-50|48|12
p2name462_sum,{key462:value462}|sum|121
p2name463_mmsc,{key463:value463}|mmsc|154|-29|48|12
p2name464_lval,{key464:value464}|lval|32
p2name465_lval,{key465:value465}|lval|-8
p2name466_mmsc,{key466:value466}|mmsc|-26|-50|33|12
p2name467_hist,{key467:value467}|hist|48|12|{2,6,8,12}
p2name468_hist,{key468:value468}|hist|13|12|{3,6,9,12}
p2name469_sum,{key469:value469}|sum|-59
p2name470_hist,{key470:value470}|hist|-27|12|{3,6,9,12}
p2name471_lval,{key471:value471}|lval|-27
p2name472_sum,{key472:value472}|sum|-105
p2name473_mmsc,{key473:value473}|mmsc|-10|-49|48|12
p2name474_dist,{key474:value474}|dist|123|-41|49|12|{-21,23,44}
p2name475_mmsc,{key475:value475}|mmsc|69|-36|46|12
p2name476_dist,{key476:value476}|dist|-15|-46|47|12|{-30,-2,35}
p2name477_sum,{key477:value477}|sum|-60
p2name478_dist,{key478:value478}|dist|7|-47|48|12|{-44,17,35}
p2name479_sum,{key479:value479}|sum|-65
p2name480_hist,{key480:value480}|hist|-178|12|{4,7,11,12}
p2name481_mmsc,{key481:value481}|mmsc|232|-27|49|12
p2name482_hist,{key482:value482}|hist|-14|12|{2,6,9,12}
p2name483_hist,{key483:value483}|hist|11|12|{3,6,8,12}
p2name484_dist,{key484:value484}|dist|-202|-49|31|12|{-31,-25,22}
p2name485_lval,{key485:value485}|lval|-21
p2name486_dist,{key486:value486}|dist|150|-25|49|12|{-4,23,29}
p2name487_mmsc,{key487:value487}|mmsc|25|-41|43|12
p2name488_mmsc,{key488:value488}|mmsc|139|-43|44|12
p2name489_sum,{key489:value489}|sum|135
p2name490_mmsc,{key490:value490}|mmsc|29|-49|47|12
p2name491_lval,{key491:value491}|lval|29
p2name492_hist,{key492:value492}|hist|85|12|{1,4,10,12}
p2name493_hist,{key493:value493}|hist|-64|12|{2,8,10,12}
p2name494_sum,{key494:value494}|sum|15
p2name495_dist,{key495:value495}|dist|-13|-50|46|12|{-32,13,35}
p2name496_mmsc,{key496:value496}|mmsc|-156|-41|32|12
p2name497_mmsc,{key497:value497}|mmsc|-257|-49|39|12
p2name498_dist,{key498:value498}|dist|-18|-48|46|12|{-15,2,27}
p2name499_lval,{key499:value499}|lval|-5
p2name500_mmsc,{key500:value500}|mmsc|43|-36|46|12
p2name501_sum,{key501:value501}|sum|64
p2name502_sum,{key502:value502}|sum|140
p2name503_dist,{key503:value503}|dist|-23|-44|49|12|{-33,-1,43}
p2name504_hist,{key504:value504}|hist|-38|12|{4,6,9,12}
p2name505_mmsc,{key505:value505}|mmsc|8|-46|46|12
p2name506_mmsc,{key506:value506}|mmsc|-15|-44|49|12
p2name507_hist,{key507:value507}|hist|-79|12|{5,7,9,12}
p2name508_mmsc,{key508:value508}|mmsc|-103|-49|36|12
p2name509_dist,{key509:value509}|dist|-6|-41|43|12|{-18,5,20}
p2name510_sum,{key510:value510}|sum|-159
p2name511_mmsc,{key511:value511}|mmsc|65|-37|48|12
p2name512_mmsc,{key512:value512}|mmsc|49|-45|44|12
p2name513_hist,{key513:value513}|hist|40|12|{3,5,9,12}
p2name514_hist,{key514:value514}|hist|-197|12|{3,10,12,12}
p2name515_sum,{key515:value515}|sum|-83
p2name516_sum,{key516:value516}|sum|-195
p2name517_hist,{key517:value517}|hist|-85|12|{4,7,10,12}
p2name518_sum,{key518:value518}|sum|34
p2name519_hist,{key519:value519}|hist|-55|12|{3,8,10,12}
p2name520_hist,{key520:value520}|hist|8|12|{2,4,10,12}
p2name521_lval,{key521:value521}|lval|47
p2name522_hist,{key522:value522}|hist|-54|12|{2,7,11,12}
p2name523_mmsc,{key523:value523}|mmsc|-43|-49|41|12
p2name524_hist,{key524:value524}|hist|-131|12|{3,9,12,12}
p2name525_lval,{key525:value525}|lval|-2
p2name526_sum,{key526:value526}|sum|-104
p2name527_mmsc,{key527:value527}|mmsc|-111|-47|37|12
p2name528_mmsc,{key528:value528}|mmsc|-65|-48|34|12
p2name529_hist,{key529:value529}|hist|64|12|{4,5,7,12}
p2name530_lval,{key530:value530}|lval|-48
p2name531_lval,{key531:value531}|lval|19
p2name532_sum,{key532:value532}|sum|7
p2name533_lval,{key533:value533}|lval|-40
p2name534_dist,{key534:value534}|dist|-38|-41|32|12|{-27,0,27}
p2name535_mmsc,{key535:value535}|mmsc|-114|-48|29|12
p2name536_mmsc,{key536:value536}|mmsc|94|-44|49|12
p2name537_dist,{key537:value537}|dist|-151|-39|25|12|{-27,-15,-3}
p2name538_mmsc,{key538:value538}|mmsc|-55|-49|48|12
p2name539_mmsc,{key539:value539}|mmsc|40|-46|33|12
p2name540_hist,{key540:value540}|hist|-182|12|{6,8,11,12}
p2name541_hist,{key541:value541}|hist|75|12|{1,6,9,12}
p2name542_mmsc,{key542:value542}|mmsc|109|-49|47|12
p2name543_mmsc,{key543:value543}|mmsc|64|-42|44|12
p2name544_dist,{key544:value544}|dist|117|-24|38|12|{-6,11,31}
p2name545_hist,{key545:value545}|hist|16|12|{3,6,9,12}
p2name546_hist,{key546:value546}|hist|-65|12|{2,7,10,12}
p2name547_mmsc,{key547:value547}|mmsc|109|-46|48|12
p2name548_lval,{key548:value548}|lval|8
p2name549_hist,{key549:value549}|hist|-48|12|{4,7,8,12}
p2name550_sum,{key550:value550}|sum|-45
p2name551_dist,{key551:value551}|dist|80|-48|49|12|{-14,13,38}
p2name552_sum,{key552:value552}|sum|-110
p2name553_dist,{key553:value553}|dist|123|-46|47|12|{-22,28,40}
p2name554_lval,{key554:value554}|lval|-10
p2name555_lval,{key555:value555}|lval|-4
p2name556_hist,{key556:value556}|hist|-63|12|{4,7,9,12}
p2name557_dist,{key557:value557}|dist|-5|-46|44|12|{-18,7,20}
p2name558_sum,{key558:value558}|sum|10
p2name559_lval,{key559:value559}|lval|26
p2name560_sum,{key560:value560}|sum|-110
p2name561_mmsc,{key561:value561}|mmsc|2|-45|45|12
p2name562_lval,{key562:value562}|lval|20
p2name563_lval,{key563:value563}|lval|-49
p2name564_hist,{key564:value564}|hist|225|12|{1,3,6,12}
p2name565_lval,{key565:value565}|lval|9
p2name566_hist,{key566:value566}|hist|-34|12|{3,7,10,12}
p2name567_sum,{key567:value567}|sum|41
p2name568_dist,{key568:value568}|dist|60|-44|48|12|{-10,4,28}
p2name569_dist,{key569:value569}|dist|-220|-50|11|12|{-36,-13,1}
p2name570_hist,{key570:value570}|hist|-125|12|{3,9,11,12}
p2name571_dist,{key571:value571}|dist|91|-23|44|12|{-13,14,31}
p2name572_hist,{key572:value572}|hist|-33|12|{3,6,8,12}
p2name573_dist,{key573:value573}|dist|95|-48|49|12|{-10,18,40}
p2name574_sum,{key574:value574}|sum|-117
p2name575_lval,{key575:value575}|lval|21
p2name576_hist,{key576:value576}|hist|17|12|{2,7,9,12}
p2name577_mmsc,{key577:value577}|mmsc|198|-12|45|12
p2name578_dist,{key578:value578}|dist|16|-43|34|12|{-6,12,23}
p2name579_lval,{key579:value579}|lval|-43
p2name580_dist,{key580:value580}|dist|23|-40|44|12|{-21,5,33}
p2name581_lval,{key581:value581}|lval|11
p2name582_dist,{key582:value582}|dist|-28|-44|45|12|{-32,-7,30}
p2name583_lval,{key583:value583}|lval|-28
p2name584_mmsc,{key584:value584}|mmsc|-65|-46|44|12
p2name585_dist,{key585:value585}|dist|-26|-48|47|12|{-25,-11,32}
p2name586_mmsc,{key586:value586}|mmsc|229|-35|49|12
p2name587_mmsc,{key587:value587}|mmsc|75|-44|47|12
p2name588_hist,{key588:value588}|hist|47|12|{1,6,9,12}
p2name589_hist,{key589:value589}|hist|9|12|{1,6,9,12}
p2name590_sum,{key590:value590}|sum|-90
p2name591_lval,{key591:value591}|lval|-33
p2name592_dist,{key592:value592}|dist|-223|-50|39|12|{-37,-27,-2}
p2name593_hist,{key593:value593}|hist|-118|12|{4,7,11,12}
p2name594_mmsc,{key594:value594}|mmsc|21|-35|47|12
p2name595_hist,{key595:value595}|hist|36|12|{3,4,9,12}
p2name596_mmsc,{key596:value596}|mmsc|-19|-43|48|12
p2name597_dist,{key597:value597}|dist|59|-42|46|12|{-21,16,35}
p2name598_mmsc,{key598:value598}|mmsc|-11|-49|34|12
p2name599_lval,{key599:value599}|lval|10
p2name600_hist,{key600:value600}|hist|-100|12|{4,7,10,12}
p2name601_hist,{key601:value601}|hist|102|12|{2,4,8,12}
p2name602_dist,{key602:value602}|dist|-152|-42|26|12|{-28,-13,17}
p2name603_lval,{key603:value603}|lval|11
p2name604_lval,{key604:value604}|lval|47
p2name605_sum,{key605:value605}|sum|-173
p2name606_dist,{key606:value606}|dist|39|-43|49|12|{-24,9,36}
p2name607_lval,{key607:value607}|lval|-20
p2name608_mmsc,{key608:value608}|mmsc|-101|-42|28|12
p2name609_lval,{key609:value609}|lval|45
p2name610_dist,{key610:value610}|dist|132|-44|44|12|{-4,28,37}
p2name611_sum,{key611:value611}|sum|-112
p2name612_lval,{key612:value612}|lval|1
p2name613_lval,{key613:value613}|lval|9
p2name614_dist,{key614:value614}|dist|67|-44|44|12|{-15,19,25}
p2name615_mmsc,{key615:value615}|mmsc|-72|-48|47|12
p2name616_hist,{key616:value616}|hist|-38|12|{4,7,9,12}
p2name617_lval,{key617:value617}|lval|-37
p2name618_lval,{key618:value618}|lval|5
p2name619_hist,{key619:value619}|hist|-59|12|{3,7,9,12}
p2name620_dist,{key620:value620}|dist|98|-45|49|12|{-28,18,43}
p2name621_hist,{key621:value621}|hist|-164|12|{5,9,10,12}
p2name622_dist,{key622:value622}|dist|-90|-49|36|12|{-31,-2,18}
p2name623_hist,{key623:value623}|hist|33|12|{3,5,8,12}
p2name624_dist,{key624:value624}|dist|65|-35|45|12|{-4,13,22}
p2name625_mmsc,{key625:value625}|mmsc|-125|-49|44|12
p2name626_mmsc,{key626:value626}|mmsc|-25|-48|45|12
p2name627_lval,{key627:value627}|lval|24
p2name628_sum,{key628:value628}|sum|-38
p2name629_sum,{key629:value629}|sum|-233
p2name630_hist,{key630:value630}|hist|-233|12|{5,10,12,12}
p2name631_dist,{key631:value631}|dist|195|-7|48|12|{2,15,35}
p2name632_hist,{key632:value632}|hist|99|12|{3,4,7,12}
p2name633_lval,{key633:value633}|lval|-30
p2name634_lval,{key634:value634}|lval|-28
p2name635_sum,{key635:value635}|sum|-129
p2name636_sum,{key636:value636}|sum|95
p2name637_mmsc,{key637:value637}|mmsc|-13|-50|42|12
p2name638_lval,{key638:value638}|lval|32
p2name639_hist,{key639:value639}|hist|-94|12|{5,7,10,12}
p2name640_dist,{key640:value640}|dist|-73|-41|33|12|{-28,-3,20}
p2name641_dist,{key641:value641}|dist|-143|-49|40|12|{-32,-11,6}
p2name642_hist,{key642:value642}|hist|-109|12|{5,8,10,12}
p2name643_dist,{key643:value643}|dist|72|-47|48|12|{-22,28,40}
p2name644_dist,{key644:value644}|dist|-76|-39|39|12|{-24,-10,14}
p2name645_mmsc,{key645:value645}|mmsc|27|-42|45|12
p2name646_sum,{key646:value646}|sum|-140
p2name647_hist,{key647:value647}|hist|-45|12|{6,6,8,12}
p2name648_lval,{key648:value648}|lval|21
p2name649_mmsc,{key649:value649}|mmsc|-28|-50|35|12
p2name650_dist,{key650:value650}|dist|31|-41|47|12|{-18,3,37}
p2name651_mmsc,{key651:value651}|mmsc|-87|-44|29|12
p2name652_dist,{key652:value652}|dist|-193|-50|49|12|{-39,-26,35}
p2name653_lval,{key653:value653}|lval|-46
p2name654_hist,{key654:value654}|hist|-183|12|{4,8,11,12}
p2name655_dist,{key655:value655}|dist|77|-47|40|12|{-20,23,30}
p2name656_dist,{key656:value656}|dist|-37|-47|37|12|{-14,0,9}
p2name657_lval,{key657:value657}|lval|-37
p2name658_lval,{key658:value658}|lval|-6
p2name659_sum,{key659:value659}|sum|-1
p2name660_sum,{key660:value660}|sum|-46
p2name661_dist,{key661:value661}|dist|-57|-41|33|12|{-26,-5,27}
p2name662_sum,{key662:value662}|sum|52
p2name663_hist,{key663:value663}|hist|47|12|{3,5,7,12}
p2name664_sum,{key664:value664}|sum|75
p2name665_mmsc,{key665:value665}|mmsc|-156|-50|44|12
p2name666_lval,{key666:value666}|lval|21
p2name667_dist,{key667:value667}|dist|194|-45|46|12|{10,27,38}
p2name668_hist,{key668:value668}|hist|98|12|{1,3,9,12}
p2name669_lval,{key669:value669}|lval|-5
p2name670_lval,{key670:value670}|lval|27
p2name671_dist,{key671:value671}|dist|41|-39|43|12|{-8,7,23}
p2name672_sum,{key672:value672}|sum|-35
p2name673_hist,{key673:value673}|hist|38|12|{2,6,8,12}
p2name674_mmsc,{key674:value674}|mmsc|75|-48|49|12
p2name675_hist,{key675:value675}|hist|65|12|{2,6,7,12}
p2name676_mmsc,{key676:value676}|mmsc|-44|-50|37|12
p2name677_dist,{key677:value677}|dist|-18|-47|49|12|{-38,0,37}
p2name678_hist,{key678:value678}|hist|103|12|{1,4,7,12}
p2name679_mmsc,{key679:value679}|mmsc|56|-44|41|12
p2name680_lval,{key680:value680}|lval|30
p2name681_dist,{key681:value681}|dist|-39|-47|43|12|{-22,4,24}
p2name682_dist,{key682:value682}|dist|30|-28|34|12|{-10,3,17}
p2name683_mmsc,{key683:value683}|mmsc|65|-40|44|12
p2name684_hist,{key684:value684}|hist|163|12|{1,2,9,12}
p2name685_lval,{key685:value685}|lval|-47
p2name686_mmsc,{key686:value686}|mmsc|83|-24|48|12
p2name687_lval,{key687:value687}|lval|10
p2name688_lval,{key688:value688}|lval|-36
p2name689_sum,{key689:value689}|sum|-28
p2name690_lval,{key690:value690}|lval|19
p2name691_sum,{key691:value691}|sum|243
p2name692_mmsc,{key692:value692}|mmsc|-123|-49|37|12
p2name693_mmsc,{key693:value693}|mmsc|-175|-39|19|12
p2name694_sum,{key694:value694}|sum|-70
p2name695_mmsc,{key695:value695}|mmsc|58|-49|48|12
p2name696_dist,{key696:value696}|dist|33|-45|41|12|{-21,18,34}
p2name697_dist,{key697:value697}|dist|15|-46|47|12|{-23,-2,34}
p2name698_lval,{key698:value698}|lval|49
p2name699_lval,{key699:value699}|lval|-32
p2name700_mmsc,{key700:value700}|mmsc|-133|-50|32|12
p2name701_lval,{key701:value701}|lval|-9
p2name702_hist,{key702:value702}|hist|21|12|{5,6,6,12}
p2name703_dist,{key703:value703}|dist|-202|-49|22|12|{-37,-14,5}
p2name704_mmsc,{key704:value704}|mmsc|-21|-49|42|12
p2name705_dist,{key705:value705}|dist|42|-43|49|12|{-10,2,25}
p2name706_lval,{key706:value706}|lval|-29
p2name707_dist,{key707:value707}|dist|106|-42|41|12|{-5,20,32}
p2name708_sum,{key708:value708}|sum|142
p2name709_dist,{key709:value709}|dist|47|-47|49|12|{-15,8,26}
p2name710_lval,{key710:value710}|lval|5
p2name711_mmsc,{key711:value711}|mmsc|135|-23|48|12
p2name712_mmsc,{key712:value712}|mmsc|-79|-49|48|12
p2name713_lval,{key713:value713}|lval|-9
p2name714_lval,{key714:value714}|lval|-7
p2name715_lval,{key715:value715}|lval|-11
p2name716_sum,{key716:value716}|sum|43
p2name717_mmsc,{key717:value717}|mmsc|-56|-48|44|12
p2name718_dist,{key718:value718}|dist|154|-36|42|12|{0,13,36}
p2name719_lval,{key719:value719}|lval|44
p2name720_mmsc,{key720:value720}|mmsc|-23|-47|41|12
p2name721_lval,{key721:value721}|lval|13
p2name722_dist,{key722:value722}|dist|-42|-46|48|12|{-28,7,20}
p2name723_hist,{key723:value723}|hist|3|12|{3,6,9,12}
p2name724_sum,{key724:value724}|sum|-110
p2name725_hist,{key725:value725}|hist|-19|12|{3,6,10,12}
p2name726_hist,{key726:value726}|hist|108|12|{0,4,9,12}
p2name727_mmsc,{key727:value727}|mmsc|22|-37|43|12
p2name728_lval,{key728:value728}|lval|-16
p2name729_sum,{key729:value729}|sum|39
p2name730_sum,{key730:value730}|sum|-45
p2name731_lval,{key731:value731}|lval|-19
p2name732_lval,{key732:value732}|lval|47
p2name733_sum,{key733:value733}|sum|-88
p2name734_mmsc,{key734:value734}|mmsc|-42|-49|38|12
p2name735_sum,{key735:value735}|sum|-100
p2name736_hist,{key736:value736}|hist|-94|12|{4,7,11,12}
p2name737_lval,{key737:value737}|lval|23
p2name738_dist,{key738:value738}|dist|79|-48|43|12|{-2,17,36}
p2name739_lval,{key739:value739}|lval|31
p2name740_dist,{key740:value740}|dist|11|-44|42|12|{-10,6,30}
p2name741_sum,{key741:value741}|sum|-157
p2name742_lval,{key742:value742}|lval|-50
p2name743_dist,{key743:value743}|dist|25|-49|44|12|{-28,19,39}
p2name744_sum,{key744:value744}|sum|-40
p2name745_mmsc,{key745:value745}|mmsc|14|-49|36|12
p2name746_lval,{key746:value746}|lval|25
p2name747_dist,{key747:value747}|dist|39|-48|37|12|{-17,13,30}
p2name748_mmsc,{key748:value748}|mmsc|25|-47|48|12
p2name749_sum,{key749:value749}|sum|79
p2name750_hist,{key750:value750}|hist|139|12|{0,4,7,12}
p2name751_dist,{key751:value751}|dist|38|-37|46|12|{-13,2,23}
p2name752_lval,{key752:value752}|lval|-42
p2name753_hist,{key753:value753}|hist|-177|12|{5,9,11,12}
p2name754_mmsc,{key754:value754}|mmsc|33|-47|47|12
p2name755_hist,{key755:value755}|hist|-22|12|{2,7,9,12}
p2name756_lval,{key756:value756}|lval|-29
p2name757_dist,{key757:value757}|dist|23|-39|49|12|{-12,8,25}
p2name758_sum,{key758:value758}|sum|-20
p2name759_sum,{key759:value759}|sum|138
p2name760_dist,{key760:value760}|dist|173|-39|49|12|{8,19,31}
p2name761_hist,{key761:value761}|hist|102|12|{2,3,9,12}
p2name762_mmsc,{key762:value762}|mmsc|-208|-50|45|12
p2name763_sum,{key763:value763}|sum|-103
p2name764_dist,{key764:value764}|dist|-10|-42|39|12|{-14,-4,35}
p2name765_lval,{key765:value765}|lval|-41
p2name766_lval,{key766:value766}|lval|-16
p2name767_mmsc,{key767:value767}|mmsc|3|-49|49|12
p2name768_hist,{key768:value768}|hist|-44|12|{4,7,10,12}
p2name769_sum,{key769:value769}|sum|-27
p2name770_lval,{key770:value770}|lval|-5
p2name771_lval,{key771:value771}|lval|-10
p2name772_sum,{key772:value772}|sum|143
p2name773_lval,{key773:value773}|lval|20
p2name774_sum,{key774:value774}|sum|31
p2name775_mmsc,{key775:value775}|mmsc|10|-42|37|12
p2name776_hist,{key776:value776}|hist|221|12|{2,3,4,12}
p2name777_hist,{key777:value777}|hist|9|12|{5,6,7,12}
p2name778_hist,{key778:value778}|hist|34|12|{2,6,9,12}
p2name779_hist,{key779:value779}|hist|82|12|{2,5,7,12}
p2name780_lval,{key780:value780}|lval|5
p2name781_lval,{key781:value781}|lval|-2
p2name782_mmsc,{key782:value782}|mmsc|160|-39|49|12
p2name783_mmsc,{key783:value783}|mmsc|113|-41|45|12
p2name784_sum,{key784:value784}|sum|180
p2name785_sum,{key785:value785}|sum|94
p2name786_hist,{key786:value786}|hist|-41|12|{5,6,9,12}
p2name787_mmsc,{key787:value787}|mmsc|32|-46|49|12
p2name788_sum,{key788:value788}|sum|-7
p2name789_sum,{key789:value789}|sum|94
p2name790_hist,{key790:value790}|hist|71|12|{1,5,10,12}
p2name791_mmsc,{key791:value791}|mmsc|85|-47|48|12
p2name792_mmsc,{key792:value792}|mmsc|-81|-49|31|12
p2name793_dist,{key793:value793}|dist|-71|-50|40|12|{-20,-6,34}
p2name794_dist,{key794:value794}|dist|80|-33|48|12|{-6,4,36}
p2name795_hist,{key795:value795}|hist|-128|12|{4,9,10,12}
p2name796_sum,{key796:value796}|sum|-60
p2name797_mmsc,{key797:value797}|mmsc|-71|-41|44|12
p2name798_hist,{key798:value798}|hist|43|12|{1,6,9,12}
p2name799_mmsc,{key799:value799}|mmsc|103|-49|48|12
p2name800_lval,{key800:value800}|lval|-39
p2name801_mmsc,{key801:value801}|mmsc|-60|-45|43|12
p2name802_hist,{key802:value802}|hist|-8|12|{2,7,10,12}
p2name803_hist,{key803:value803}|hist|60|12|{3,5,6,12}
p2name804_dist,{key804:value804}|dist|122|-29|48|12|{-10,17,36}
p2name805_dist,{key805:value805}|dist|90|-39|45|12|{-5,17,34}
p2name806_dist,{key806:value806}|dist|-93|-46|29|12|{-17,-4,17}
p2name807_sum,{key807:value807}|sum|-13
p2name808_mmsc,{key808:value808}|mmsc|-17|-48|48|12
p2name809_mmsc,{key809:value809}|mmsc|56|-50|49|12
p2name810_dist,{key810:value810}|dist|63|-47|49|12|{-10,16,30}
p2name811_lval,{key811:value811}|lval|15
p2name812_sum,{key812:value812}|sum|11
p2name813_mmsc,{key813:value813}|mmsc|23|-45|46|12
p2name814_hist,{key814:value814}|hist|86|12|{1,3,9,12}
p2name815_dist,{key815:value815}|dist|15|-44|49|12|{-18,1,36}
p2name816_mmsc,{key816:value816}|mmsc|-24|-41|44|12
p2name817_hist,{key817:value817}|hist|-71|12|{4,7,10,12}
p2name818_sum,{key818:value818}|sum|-69
p2name819_hist,{key819:value819}|hist|-269|12|{6,10,12,12}
p2name820_mmsc,{key820:value820}|mmsc|-71|-46|46|12
p2name821_mmsc,{key821:value821}|mmsc|-17|-48|49|12
p2name822_mmsc,{key822:value822}|mmsc|150|-28|49|12
p2name823_lval,{key823:value823}|lval|5
p2name824_dist,{key824:value824}|dist|105|-30|40|12|{-4,2,28}
p2name825_sum,{key825:value825}|sum|17
p2name826_lval,{key826:value826}|lval|35
p2name827_dist,{key827:value827}|dist|73|-37|48|12|{-12,8,38}
p2name828_dist,{key828:value828}|dist|-75|-46|41|12|{-34,7,17}
p2name829_mmsc,{key829:value829}|mmsc|-53|-48|43|12
p2name830_hist,{key830:value830}|hist|-126|12|{4,8,10,12}
p2name831_sum,{key831:value831}|sum|47
p2name832_mmsc,{key832:value832}|mmsc|-114|-50|32|12
p2name833_hist,{key833:value833}|hist|-10|12|{4,6,8,12}
p2name834_mmsc,{key834:value834}|mmsc|-11|-31|27|12
p2name835_mmsc,{key835:value835}|mmsc|-205|-45|37|12
p2name836_hist,{key836:value836}|hist|-85|12|{4,7,9,12}
p2name837_dist,{key837:value837}|dist|120|-41|47|12|{-25,19,43}
p2name838_lval,{key838:value838}|lval|44
p2name839_sum,{key839:value839}|sum|-79
p2name840_hist,{key840:value840}|hist|-54|12|{3,9,10,12}
p2name841_sum,{key841:value841}|sum|-96
p2name842_sum,{key842:value842}|sum|56
p2name843_lval,{key843:value843}|lval|-20
p2name844_mmsc,{key844:value844}|mmsc|-25|-49|48|12
p2name845_mmsc,{key845:value845}|mmsc|-121|-46|37|12
p2name846_sum,{key846:value846}|sum|-177
p2name847_hist,{key847:value847}|hist|-12|12|{4,7,8,12}
p2name848_hist,{key848:value848}|hist|-29|12|{2,7,10,12}
p2name849_sum,{key849:value849}|sum|124
p2name850_dist,{key850:value850}|dist|-89|-44|40|12|{-25,-6,17}
p2name851_dist,{key851:value851}|dist|5|-38|33|12|{-19,2,21}
p2name852_dist,{key852:value852}|dist|220|-42|49|12|{15,31,45}
p2name853_mmsc,{key853:value853}|mmsc|10|-40|35|12
p2name854_lval,{key854:value854}|lval|6
p2name855_lval,{key855:value855}|lval|3
p2name856_dist,{key856:value856}|dist|-88|-40|40|12|{-28,-5,20}
p2name857_dist,{key857:value857}|dist|-133|-47|43|12|{-39,-25,23}
p2name858_sum,{key858:value858}|sum|39
p2name859_hist,{key859:value859}|hist|78|12|{2,4,9,12}
p2name860_lval,{key860:value860}|lval|21
p2name861_mmsc,{key861:value861}|mmsc|71|-49|42|12
p2name862_sum,{key862:value862}|sum|63
p2name863_lval,{key863:value863}|lval|-48
p2name864_mmsc,{key864:value864}|mmsc|-37|-48|44|12
p2name865_dist,{key865:value865}|dist|-140|-47|37|12|{-35,-24,33}
p2name866_sum,{key866:value866}|sum|-8
p2name867_mmsc,{key867:value867}|mmsc|68|-33|47|12
p2name868_sum,{key868:value868}|sum|76
p2name869_sum,{key869:value869}|sum|-14
p2name870_mmsc,{key870:value870}|mmsc|35|-45|48|12
p2name871_mmsc,{key871:value871}|mmsc|44|-41|41|12
p2name872_lval,{key872:value872}|lval|-35
p2name873_dist,{key873:value873}|dist|-4|-35|48|12|{-27,13,19}
p2name874_dist,{key874:value874}|dist|-62|-46|40|12|{-34,5,22}
p2name875_mmsc,{key875:value875}|mmsc|-84|-43|36|12
p2name876_sum,{key876:value876}|sum|-2
p2name877_mmsc,{key877:value877}|mmsc|61|-30|46|12
p2name878_mmsc,{key878:value878}|mmsc|8|-38|30|12
p2name879_mmsc,{key879:value879}|mmsc|-15|-50|46|12
p2name880_sum,{key880:value880}|sum|-14
p2name881_lval,{key881:value881}|lval|45
p2name882_mmsc,{key882:value882}|mmsc|109|-28|48|12
p2name883_dist,{key883:value883}|dist|-68|-42|29|12|{-24,2,18}
p2name884_sum,{key884:value884}|sum|-91
p2name885_sum,{key885:value885}|sum|172
p2name886_lval,{key886:value886}|lval|-23
p2name887_mmsc,{key887:value887}|mmsc|59|-49|45|12
p2name888_mmsc,{key888:value888}|mmsc|-42|-44|47|12
p2name889_mmsc,{key889:value889}|mmsc|-190|-48|30|12
p2name890_mmsc,{key890:value890}|mmsc|2|-49|43|12
p2name891_sum,{key891:value891}|sum|-37
p2name892_mmsc,{key892:value892}|mmsc|11|-44|43|12
p2name893_sum,{key893:value893}|sum|-40
p2name894_hist,{key894:value894}|hist|121|12|{1,4,9,12}
p2name895_mmsc,{key895:value895}|mmsc|-69|-50|42|12
p2name896_mmsc,{key896:value896}|mmsc|-65|-46|47|12
p2name897_hist,{key897:value897}|hist|-126|12|{4,8,11,12}
p2name898_lval,{key898:value898}|lval|37
p2name899_hist,{key899:value899}|hist|28|12|{2,5,10,12}
p2name900_sum,{key900:value900}|sum|100
p2name901_lval,{key901:value901}|lval|4
p2name902_hist,{key902:value902}|hist|-27|12|{3,8,9,12}
p2name903_dist,{key903:value903}|dist|85|-39|49|12|{-10,5,39}
p2name904_lval,{key904:value904}|lval|-22
p2name905_lval,{key905:value905}|lval|-18
p2name906_hist,{key906:value906}|hist|-188|12|{4,9,12,12}
p2name907_sum,{key907:value907}|sum|-16
p2name908_hist,{key908:value908}|hist|190|12|{1,3,6,12}
p2name909_hist,{key909:value909}|hist|-8|12|{4,5,8,12}
p2name910_lval,{key910:value910}|lval|-16
p2name911_dist,{key911:value911}|dist|-58|-41|22|12|{-14,1,14}
p2name912_mmsc,{key912:value912}|mmsc|-4|-45|34|12
p2name913_sum,{key913:value913}|sum|146
p2name914_mmsc,{key914:value914}|mmsc|-104|-47|49|12
p2name915_dist,{key915:value915}|dist|36|-39|49|12|{-19,7,32}
p2name916_dist,{key916:value916}|dist|125|-41|49|12|{-9,21,41}
p2name917_mmsc,{key917:value917}|mmsc|-30|-36|40|12
p2name918_lval,{key918:value918}|lval|-49
p2name919_lval,{key919:value919}|lval|6
p2name920_hist,{key920:value920}|hist|23|12|{3,6,9,12}
p2name921_sum,{key921:value921}|sum|-138
p2name922_sum,{key922:value922}|sum|-16
p2name923_dist,{key923:value923}|dist|119|-34|47|12|{-6,12,36}
p2name924_hist,{key924:value924}|hist|-95|12|{4,8,11,12}
p2name925_hist,{key925:value925}|hist|114|12|{1,4,7,12}
p2name926_sum,{key926:value926}|sum|-46
p2name927_mmsc,{key927:value927}|mmsc|14|-43|42|12
p2name928_dist,{key928:value928}|dist|-103|-49|23|12|{-23,2,14}
p2name929_hist,{key929:value929}|hist|-27|12|{4,5,10,12}
p2name930_dist,{key930:value930}|dist|159|-8|46|12|{-4,8,41}
p2name931_mmsc,{key931:value931}|mmsc|5|-44|45|12
p2name932_lval,{key932:value932}|lval|-25
p2name933_lval,{key933:value933}|lval|10
p2name934_dist,{key934:value934}|dist|-4|-48|48|12|{-18,0,42}
p2name935_lval,{key935:value935}|lval|-49
p2name936_sum,{key936:value936}|sum|2
p2name937_mmsc,{key937:value937}|mmsc|-20|-32|38|12
p2name938_mmsc,{key938:value938}|mmsc|-120|-46|37|12
p2name939_mmsc,{key939:value939}|mmsc|-70|-47|45|12
p2name940_sum,{key940:value940}|sum|144
p2name941_mmsc,{key941:value941}|mmsc|38|-47|43|12
p2name942_hist,{key942:value942}|hist|-57|12|{5,7,8,12}
p2name943_sum,{key943:value943}|sum|-3
p2name944_mmsc,{key944:value944}|mmsc|-136|-47|47|12
p2name945_dist,{key945:value945}|dist|31|-38|46|12|{-18,5,25}
p2name946_dist,{key946:value946}|dist|-37|-48|47|12|{-24,-6,42}
p2name947_mmsc,{key947:value947}|mmsc|31|-46|44|12
p2name948_lval,{key948:value948}|lval|-18
p2name949_mmsc,{key949:value949}|mmsc|57|-26|29|12
p2name950_dist,{key950:value950}|dist|-75|-50|49|12|{-30,-17,37}
p2name951_hist,{key951:value951}|hist|76|12|{1,5,9,12}
p2name952_mmsc,{key952:value952}|mmsc|19|-49|46|12
p2name953_hist,{key953:value953}|hist|59|12|{0,6,9,12}
p2name954_sum,{key954:value954}|sum|-79
p2name955_lval,{key955:value955}|lval|16
p2name956_lval,{key956:value956}|lval|28
p2name957_dist,{key957:value957}|dist|-35|-48|39|12|{-25,11,18}
p2name958_sum,{key958:value958}|sum|33
p2name959_mmsc,{key959:value959}|mmsc|46|-46|49|12
p2name960_hist,{key960:value960}|hist|-153|12|{5,6,11,12}
p2name961_mmsc,{key961:value961}|mmsc|27|-50|46|12
p2name962_hist,{key962:value962}|hist|-114|12|{5,8,10,12}
p2name963_mmsc,{key963:value963}|mmsc|-72|-41|46|12
p2name964_sum,{key964:value964}|sum|-105
p2name965_mmsc,{key965:value965}|mmsc|87|-44|48|12
p2name966_sum,{key966:value966}|sum|118
p2name967_dist,{key967:value967}|dist|-126|-47|38|12|{-35,-6,11}
p2name968_lval,{key968:value968}|lval|14
p2name969_mmsc,{key969:value969}|mmsc|123|-48|43|12
p2name970_hist,{key970:value970}|hist|-17|12|{4,6,8,12}
p2name971_mmsc,{key971:value971}|mmsc|145|-44|49|12
p2name972_lval,{key972:value972}|lval|12
p2name973_mmsc,{key973:value973}|mmsc|-34|-38|34|12
p2name974_hist,{key974:value974}|hist|6|12|{2,6,8,12}
p2name975_dist,{key975:value975}|dist|66|-50|45|12|{-8,14,33}
p2name976_sum,{key976:value976}|sum|151
p2name977_dist,{key977:value977}|dist|58|-50|44|12|{-5,8,36}
p2name978_sum,{key978:value978}|sum|58
p2name979_lval,{key979:value979}|lval|-34
p2name980_sum,{key980:value980}|sum|-110
p2name981_mmsc,{key981:value981}|mmsc|57|-40|45|12
p2name982_hist,{key982:value982}|hist|-82|12|{4,7,10,12}
p2name983_lval,{key983:value983}|lval|-42
p2name984_hist,{key984:value984}|hist|-57|12|{3,6,11,12}
p2name985_lval,{key985:value985}|lval|-12
p2name986_sum,{key986:value986}|sum|53
p2name987_dist,{key987:value987}|dist|-73|-39|39|12|{-31,-8,22}
p2name988_mmsc,{key988:value988}|mmsc|-87|-50|48|12
p2name989_dist,{key989:value989}|dist|12|-29|48|12|{-17,-5,23}
p2name990_lval,{key990:value990}|lval|43
p2name991_lval,{key991:value991}|lval|8
p2name992_dist,{key992:value992}|dist|-23|-47|48|12|{-30,-5,39}
p2name993_dist,{key993:value993}|dist|130|-35|45|12|{-10,19,43}
p2name994_dist,{key994:value994}|dist|-1|-42|28|12|{-12,8,23}
p2name995_dist,{key995:value995}|dist|-91|-46|48|12|{-32,-7,27}
p2name996_hist,{key996:value996}|hist|-55|12|{3,6,10,12}
p2name997_hist,{key997:value997}|hist|-5|12|{3,7,8,12}
p2name998_dist,{key998:value998}|dist|140|-34|45|12|{-7,18,39}
p2name999_lval,{key999:value999}|lval|12
