dist|[13,7,-33,49,-42,-26,-35,-50,-20,43,-24,-25]|p2name0_dist,{key0:value0}
mmsc|[-43,34,9,4,29,19,35,14,16,33,43,-31]|p2name1_mmsc,{key1:value1}
lval|[-25,45,-15,42,36,-4,-44,-3,-41,-2,20,7]|p2name2_lval,{key2:value2}
sum|[-2,34,32,47,-23,17,42,-32,-12,-9,30,23]|p2name3_sum,{key3:value3}
dist|[-40,-27,-1,30,42,16,28,9,-37,4,-31,37]|p2name4_dist,{key4:value4}
sum|[7,9,-49,-36,-30,42,46,47,4,-13,-3,34]|p2name5_sum,{key5:value5}
hist|[-44,30,-25,44,48,11,-13,-23,21,-11,28,2]|p2name6_hist,{key6:value6}
lval|[-37,1,-18,8,-7,14,16,-46,-23,45,-42,29]|p2name7_lval,{key7:value7}
lval|[19,-21,16,33,7,0,2,-22,-49,-32,-18,24]|p2name8_lval,{key8:value8}
hist|[8,-35,17,24,-34,44,38,-46,-31,3,-39,31]|p2name9_hist,{key9:value9}
mmsc|[15,-44,38,-20,-16,-7,-10,40,-24,-42,-28,28]|p2name10_mmsc,{key10:value10}
sum|[-24,40,-11,-45,46,-2,-23,-41,13,19,12,-43]|p2name11_sum,{key11:value11}
hist|[46,39,41,25,-10,43,10,-6,-9,-12,-44,-30]|p2name12_hist,{key12:value12}
lval|[28,19,-41,36,4,24,17,-33,6,39,18,23]|p2name13_lval,{key13:value13}
sum|[45,-50,-6,-17,-48,-39,33,15,-41,44,28,6]|p2name14_sum,{key14:value14}
hist|[-10,7,3,-13,-9,24,-5,11,-50,44,38,5]|p2name15_hist,{key15:value15}
dist|[-43,24,-8,37,-27,42,-44,-37,40,-17,-38,2]|p2name16_dist,{key16:value16}
dist|[-35,24,38,-3,-47,-34,41,17,-11,-7,9,36]|p2name17_dist,{key17:value17}
lval|[37,-14,3,29,-30,-5,-42,32,41,-22,31,-44]|p2name18_lval,{key18:value18}
dist|[-41,49,-35,-30,-32,9,21,20,10,-34,-22,-1]|p2name19_dist,{key19:value19}
hist|[5,23,-17,0,21,22,49,7,-9,44,8,14]|p2name20_hist,{key20:value20}
hist|[-13,-36,-40,-28,15,49,-1,-48,-43,-37,45,-45]|p2name21_hist,{key21:value21}
mmsc|[-14,-22,48,-3,-20,-4,0,40,-25,-46,30,-1]|p2name22_mmsc,{key22:value22}
mmsc|[5,20,42,-1,3,-25,-36,-46,-17,-14,-24,31]|p2name23_mmsc,{key23:value23}
dist|[17,-48,-22,-31,-29,24,16,-3,34,-32,31,40]|p2name24_dist,{key24:value24}
hist|[40,7,-40,-6,-20,38,27,-46,47,1,17,48]|p2name25_hist,{key25:value25}
dist|[0,23,-9,15,41,6,-49,28,40,-39,4,-38]|p2name26_dist,{key26:value26}
dist|[14,-4,-28,-20,15,31,-21,-40,-26,-1,-2,-19]|p2name27_dist,{key27:value27}
dist|[23,-23,-40,-21,35,27,-46,13,-48,-44,-27,7]|p2name28_dist,{key28:value28}
sum|[-30,-26,49,38,42,-10,41,-35,1,35,24,-24]|p2name29_sum,{key29:value29}
hist|[-14,-28,-33,36,-45,9,32,-20,-43,20,-4,14]|p2name30_hist,{key30:value30}
dist|[30,26,22,-25,40,20,2,-14,-34,-30,3,15]|p2name31_dist,{key31:value31}
sum|[13,-9,-46,43,39,47,-13,22,-33,-48,-28,1]|p2name32_sum,{key32:value32}
mmsc|[-47,6,35,3,48,-20,29,45,39,-24,25,-36]|p2name33_mmsc,{key33:value33}
lval|[-45,-20,-9,-24,3,-25,-4,40,31,-19,-12,45]|p2name34_lval,{key34:value34}
sum|[-23,4,-13,21,17,-18,-22,-9,-37,1,-50,23]|p2name35_sum,{key35:value35}
dist|[-15,16,39,8,-14,-4,48,-9,46,17,27,-21]|p2name36_dist,{key36:value36}
mmsc|[27,-49,-28,43,-31,-26,34,-39,48,26,-12,-30]|p2name37_mmsc,{key37:value37}
dist|[48,-47,36,-11,1,21,-38,-37,39,27,-45,3]|p2name38_dist,{key38:value38}
sum|[-30,38,16,-48,-31,6,20,-23,47,-2,-44,-34]|p2name39_sum,{key39:value39}
dist|[-2,-3,15,-29,-30,-14,-5,-33,10,-25,18,-28]|p2name40_dist,{key40:value40}
dist|[45,3,48,14,29,-13,36,11,34,21,-11,-1]|p2name41_dist,{key41:value41}
sum|[47,-37,36,5,-43,16,15,23,-18,-46,-9,-12]|p2name42_sum,{key42:value42}
lval|[-23,-6,32,-22,36,42,48,-25,-37,47,23,-18]|p2name43_lval,{key43:value43}
mmsc|[46,-4,-43,40,30,-5,10,-16,-19,-39,7,-24]|p2name44_mmsc,{key44:value44}
hist|[31,47,-28,14,10,-2,-29,-42,-49,40,-14,-10]|p2name45_hist,{key45:value45}
sum|[24,43,32,27,-19,49,-29,19,45,-3,18,-18]|p2name46_sum,{key46:value46}
lval|[22,49,-37,28,-25,32,-2,-18,15,-45,23,9]|p2name47_lval,{key47:value47}
mmsc|[40,-26,-48,-40,-12,-17,-33,47,15,-27,16,14]|p2name48_mmsc,{key48:value48}
lval|[12,-9,30,26,13,6,1,16,-45,34,-30,18]|p2name49_lval,{key49:value49}
dist|[42,47,21,31,-28,40,-12,-24,20,44,-11,8]|p2name50_dist,{key50:value50}
dist|[23,24,47,-41,41,-25,26,-21,-1,32,13,17]|p2name51_dist,{key51:value51}
dist|[7,35,18,34,19,-36,-46,4,-24,-17,-47,21]|p2name52_dist,{key52:value52}
hist|[-19,-36,45,-7,-4,18,13,-8,-23,37,-20,8]|p2name53_hist,{key53:value53}
dist|[42,20,28,19,49,-39,6,30,-4,7,8,-9]|p2name54_dist,{key54:value54}
hist|[48,45,0,17,-4,38,14,-37,13,-39,37,35]|p2name55_hist,{key55:value55}
mmsc|[-50,-45,18,22,-25,14,33,29,12,-39,-17,-27]|p2name56_mmsc,{key56:value56}
hist|[-45,10,-30,33,-12,36,30,-15,26,18,29,-18]|p2name57_hist,{key57:value57}
hist|[-41,-4,15,-9,49,-38,20,-47,-1,8,-7,-48]|p2name58_hist,{key58:value58}
mmsc|[-48,-26,-19,-31,4,-9,-1,-38,-39,-11,15,-43]|p2name59_mmsc,{key59:value59}
lval|[22,-20,-18,33,-26,36,-28,-2,24,-44,2,5]|p2name60_lval,{key60:value60}
sum|[-12,34,12,36,11,19,-24,-37,-8,6,-22,39]|p2name61_sum,{key61:value61}
sum|[-42,-16,20,33,44,43,-4,35,3,45,-43,-7]|p2name62_sum,{key62:value62}
hist|[2,21,48,-19,-17,-2,41,-20,42,38,33,46]|p2name63_hist,{key63:value63}
mmsc|[12,-26,-2,-3,14,-43,-36,41,-41,30,38,-25]|p2name64_mmsc,{key64:value64}
sum|[-28,-46,19,44,14,21,-48,32,29,-1,-20,-6]|p2name65_sum,{key65:value65}
hist|[20,-9,26,-26,-37,38,-45,9,-46,-39,22,-48]|p2name66_hist,{key66:value66}
mmsc|[10,41,7,22,-37,-16,31,19,20,-33,-27,-40]|p2name67_mmsc,{key67:value67}
hist|[-35,31,20,-42,5,-5,29,-27,-31,-50,-19,36]|p2name68_hist,{key68:value68}
mmsc|[33,-8,-32,-27,-47,-21,-40,-26,13,-4,48,-19]|p2name69_mmsc,{key69:value69}
lval|[2,-13,28,-11,-46,3,6,15,-44,-9,-43,-45]|p2name70_lval,{key70:value70}
lval|[-28,-12,-33,13,-1,7,-34,-17,-20,-47,-41,-44]|p2name71_lval,{key71:value71}
dist|[29,-6,-40,-4,49,-16,-21,17,18,21,-7,46]|p2name72_dist,{key72:value72}
mmsc|[15,42,-49,7,-5,36,37,18,16,-23,-29,35]|p2name73_mmsc,{key73:value73}
hist|[-22,-19,20,11,-46,-38,4,-18,-36,-43,37,-44]|p2name74_hist,{key74:value74}
mmsc|[-32,-33,-38,42,21,-15,5,34,-17,-44,-16,-26]|p2name75_mmsc,{key75:value75}
lval|[-2,-36,15,5,-46,-8,-40,-38,-49,-22,-26,-6]|p2name76_lval,{key76:value76}
dist|[-34,38,40,-29,-50,-10,-23,33,48,-14,49,29]|p2name77_dist,{key77:value77}
hist|[32,-23,-16,35,-43,10,-9,47,13,30,-6,-50]|p2name78_hist,{key78:value78}
hist|[-17,40,-43,30,31,-11,10,48,17,-20,-29,-26]|p2name79_hist,{key79:value79}
hist|[48,16,13,-7,28,-39,-4,-33,39,31,47,-21]|p2name80_hist,{key80:value80}
dist|[-38,38,-39,-3,-22,49,0,-25,-15,-26,13,18]|p2name81_dist,{key81:value81}
lval|[-29,8,4,15,-11,-44,27,-6,33,38,-25,19]|p2name82_lval,{key82:value82}
sum|[10,-34,-41,-30,38,-4,12,-43,37,21,-14,16]|p2name83_sum,{key83:value83}
mmsc|[1,7,-26,49,4,44,34,15,-45,9,-7,-38]|p2name84_mmsc,{key84:value84}
hist|[-42,38,35,5,-24,-16,-44,-36,-5,-32,-43,26]|p2name85_hist,{key85:value85}
mmsc|[-40,-35,45,-7,-15,-6,-44,8,35,-13,18,-25]|p2name86_mmsc,{key86:value86}
hist|[1,-2,-9,21,-47,49,38,19,3,-7,-39,-30]|p2name87_hist,{key87:value87}
dist|[-45,-16,-1,-36,-41,-23,-4,4,-8,-2,-38,20]|p2name88_dist,{key88:value88}
sum|[-36,-49,19,5,6,-17,-39,-28,-31,-43,25,47]|p2name89_sum,{key89:value89}
sum|[18,-49,-13,-16,-22,-7,-31,-24,16,26,27,19]|p2name90_sum,{key90:value90}
mmsc|[-40,38,20,18,27,41,11,15,-6,-23,-49,-27]|p2name91_mmsc,{key91:value91}
sum|[39,-36,-43,11,3,-40,-19,36,1,22,41,-26]|p2name92_sum,{key92:value92}
dist|[-14,36,6,-49,-7,45,38,25,17,49,20,-47]|p2name93_dist,{key93:value93}
sum|[38,7,2,27,-44,48,3,-22,-35,-26,44,-23]|p2name94_sum,{key94:value94}
hist|[-25,25,-5,39,33,-45,37,21,8,30,44,28]|p2name95_hist,{key95:value95}
mmsc|[-6,-15,31,-31,12,-37,9,-49,40,-5,-20,44]|p2name96_mmsc,{key96:value96}
dist|[-15,-10,10,41,-4,-35,7,34,-28,-12,16,-40]|p2name97_dist,{key97:value97}
sum|[5,29,15,-26,18,26,-18,44,-19,8,-13,9]|p2name98_sum,{key98:value98}
lval|[-7,42,16,20,28,-41,-35,25,-14,-50,17,47]|p2name99_lval,{key99:value99}
mmsc|[28,6,33,0,24,-19,27,-41,1,-39,48,-46]|p2name100_mmsc,{key100:value100}
dist|[-14,2,-13,-10,20,-43,-27,-48,18,4,-46,-38]|p2name101_dist,{key101:value101}
hist|[38,0,36,12,27,13,14,-1,-9,-34,-48,-21]|p2name102_hist,{key102:value102}
hist|[3,19,-14,-10,48,45,8,42,21,-50,30,27]|p2name103_hist,{key103:value103}
hist|[6,2,26,-10,5,-50,29,-25,-17,-7,43,23]|p2name104_hist,{key104:value104}
lval|[-11,16,44,-17,5,13,41,-32,29,21,3,19]|p2name105_lval,{key105:value105}
sum|[26,34,20,-16,-5,43,-49,19,-34,30,41,-2]|p2name106_sum,{key106:value106}
mmsc|[24,47,44,-24,-19,7,-22,-33,12,-49,-7,-1]|p2name107_mmsc,{key107:value107}
mmsc|[7,15,-27,40,-14,37,-40,-35,-37,31,38,35]|p2name108_mmsc,{key108:value108}
sum|[-8,-48,-30,41,9,-16,13,-11,-47,-14,-25,-10]|p2name109_sum,{key109:value109}
hist|[-4,-48,-1,47,26,7,31,44,-41,-15,-38,22]|p2name110_hist,{key110:value110}
mmsc|[-5,-49,-40,21,17,31,-42,47,24,14,-30,1]|p2name111_mmsc,{key111:value111}
lval|[-26,33,19,14,15,9,7,-6,2,-28,-4,41]|p2name112_lval,{key112:value112}
dist|[49,28,7,-34,-37,-31,6,2,-1,-36,37,13]|p2name113_dist,{key113:value113}
sum|[21,-25,49,18,-47,16,-9,-5,27,20,-42,37]|p2name114_sum,{key114:value114}
sum|[-24,19,-23,1,-20,-7,-32,-11,-13,-30,-15,18]|p2name115_sum,{key115:value115}
lval|[-47,46,-41,-31,2,-37,39,35,31,-27,13,-12]|p2name116_lval,{key116:value116}
mmsc|[21,-1,3,48,-5,10,6,23,-36,27,-26,-47]|p2name117_mmsc,{key117:value117}
mmsc|[-24,-13,28,7,-5,49,30,-31,-9,-6,14,-7]|p2name118_mmsc,{key118:value118}
hist|[7,27,-28,-11,-13,31,2,20,-4,39,-27,15]|p2name119_hist,{key119:value119}
dist|[25,-47,29,21,-48,49,20,-42,32,-36,-26,-32]|p2name120_dist,{key120:value120}
hist|[-23,-21,29,44,11,20,25,-3,-17,24,45,-19]|p2name121_hist,{key121:value121}
hist|[30,12,-5,7,-38,-22,15,23,24,-37,48,-29]|p2name122_hist,{key122:value122}
sum|[-6,-11,47,-50,30,-4,7,12,23,-34,9,-31]|p2name123_sum,{key123:value123}
mmsc|[-21,41,34,24,2,-23,36,-32,23,39,-16,48]|p2name124_mmsc,{key124:value124}
dist|[-40,36,-5,38,46,-39,-2,42,-48,10,39,21]|p2name125_dist,{key125:value125}
dist|[-39,-20,-34,-14,46,-25,-29,8,-35,42,-46,47]|p2name126_dist,{key126:value126}
mmsc|[26,1,32,-38,-35,22,36,39,-5,-7,-26,17]|p2name127_mmsc,{key127:value127}
mmsc|[-25,27,33,1,-14,-21,-36,21,0,-31,-20,-49]|p2name128_mmsc,{key128:value128}
lval|[-50,-41,33,5,8,-37,13,-12,-22,-3,49,-26]|p2name129_lval,{key129:value129}
lval|[-50,-2,30,14,-36,35,39,-12,-10,41,25,-28]|p2name130_lval,{key130:value130}
dist|[17,5,-24,47,-30,21,48,22,-22,-1,44,-46]|p2name131_dist,{key131:value131}
hist|[32,8,-46,41,11,22,9,25,-33,36,4,39]|p2name132_hist,{key132:value132}
mmsc|[32,20,43,29,-29,28,7,44,-38,37,46,-3]|p2name133_mmsc,{key133:value133}
sum|[20,10,-35,4,48,30,49,28,33,16,-48,31]|p2name134_sum,{key134:value134}
mmsc|[-18,-5,-25,-44,28,-24,-46,-13,49,34,-28,-7]|p2name135_mmsc,{key135:value135}
hist|[-34,4,32,-37,24,16,-46,-15,26,42,-30,48]|p2name136_hist,{key136:value136}
mmsc|[-35,-41,33,-44,41,-12,12,-34,27,48,18,22]|p2name137_mmsc,{key137:value137}
mmsc|[43,41,32,27,-37,-50,2,19,-9,-49,-41,26]|p2name138_mmsc,{key138:value138}
dist|[-31,23,-4,-19,41,-27,36,-21,-3,15,11,32]|p2name139_dist,{key139:value139}
lval|[-10,36,23,32,25,-50,-19,18,42,-3,-40,-26]|p2name140_lval,{key140:value140}
lval|[-24,-25,8,11,-47,2,-48,13,21,6,-29,49]|p2name141_lval,{key141:value141}
sum|[28,0,25,30,44,9,-18,-29,-30,-38,-26,39]|p2name142_sum,{key142:value142}
hist|[-13,-47,-11,3,-10,11,-28,8,-23,-6,-26,-14]|p2name143_hist,{key143:value143}
sum|[-28,18,-34,-21,4,16,21,33,11,-16,-49,10]|p2name144_sum,{key144:value144}
hist|[3,-45,-9,33,13,36,-12,-24,-28,14,24,-43]|p2name145_hist,{key145:value145}
sum|[-2,-25,2,-15,-35,-50,-17,8,11,12,-7,37]|p2name146_sum,{key146:value146}
lval|[1,-11,19,47,-45,21,20,13,42,-41,-50,-31]|p2name147_lval,{key147:value147}
hist|[28,-11,-19,-39,38,-32,46,37,-47,21,17,30]|p2name148_hist,{key148:value148}
hist|[40,45,21,-46,33,-10,-37,35,3,47,-18,38]|p2name149_hist,{key149:value149}
hist|[-16,-12,3,11,-22,36,40,38,-27,45,5,46]|p2name150_hist,{key150:value150}
hist|[-42,-19,-21,30,16,42,14,31,27,47,-30,-18]|p2name151_hist,{key151:value151}
sum|[42,49,14,38,7,-35,-30,23,39,-22,45,-16]|p2name152_sum,{key152:value152}
dist|[37,14,-19,46,18,-15,-50,-35,-27,-11,-4,10]|p2name153_dist,{key153:value153}
dist|[-27,-37,-18,13,-5,-36,28,-50,43,-16,26,25]|p2name154_dist,{key154:value154}
hist|[46,-15,-46,30,-28,-2,29,-8,27,10,41,-26]|p2name155_hist,{key155:value155}
mmsc|[20,-18,-42,32,36,2,47,-43,-20,-27,30,19]|p2name156_mmsc,{key156:value156}
hist|[22,-49,-23,-27,47,-31,9,43,-39,7,44,-22]|p2name157_hist,{key157:value157}
sum|[-8,-33,-32,-3,-17,-12,40,-39,-45,-21,-44,41]|p2name158_sum,{key158:value158}
mmsc|[38,-34,43,-16,-8,2,30,1,48,-45,-10,-26]|p2name159_mmsc,{key159:value159}
lval|[-22,37,-21,-2,48,30,-24,-45,24,41,15,19]|p2name160_lval,{key160:value160}
sum|[-40,-50,-26,-6,-49,-33,40,-36,-37,38,26,14]|p2name161_sum,{key161:value161}
mmsc|[-7,5,-37,-28,-44,12,-16,3,-20,-4,-2,41]|p2name162_mmsc,{key162:value162}
lval|[-45,30,-14,-15,-44,-11,32,-22,-13,-39,34,-38]|p2name163_lval,{key163:value163}
mmsc|[19,-14,5,-31,3,46,-36,23,-6,-25,-23,-47]|p2name164_mmsc,{key164:value164}
dist|[-37,-15,-10,-3,2,3,-23,31,6,28,36,-21]|p2name165_dist,{key165:value165}
mmsc|[-12,4,48,-50,-22,43,28,42,-1,32,-21,-19]|p2name166_mmsc,{key166:value166}
sum|[46,15,47,25,49,13,-47,42,33,-30,26,-6]|p2name167_sum,{key167:value167}
sum|[5,3,18,-3,-4,32,37,-49,-11,26,-12,23]|p2name168_sum,{key168:value168}
hist|[12,16,6,0,-37,-42,9,21,17,-34,-43,-12]|p2name169_hist,{key169:value169}
sum|[7,-28,11,37,42,-16,-14,49,-15,-2,-22,-36]|p2name170_sum,{key170:value170}
sum|[-33,-47,41,2,-5,1,-21,14,39,-3,32,49]|p2name171_sum,{key171:value171}
dist|[-46,12,15,14,-47,-39,-40,27,-19,-42,46,-37]|p2name172_dist,{key172:value172}
mmsc|[-4,-17,23,-31,-48,2,-30,46,27,26,11,14]|p2name173_mmsc,{key173:value173}
lval|[46,-26,13,-17,-13,37,15,-29,5,-42,32,44]|p2name174_lval,{key174:value174}
lval|[44,-41,-22,11,22,12,10,-16,29,-42,-4,-25]|p2name175_lval,{key175:value175}
hist|[40,34,-13,-42,7,-44,36,5,-6,6,30,39]|p2name176_hist,{key176:value176}
dist|[32,29,-13,24,-7,22,2,-9,20,44,-44,-43]|p2name177_dist,{key177:value177}
dist|[-26,-23,47,24,23,44,37,-39,43,29,19,33]|p2name178_dist,{key178:value178}
dist|[30,-2,-47,48,38,2,-49,19,29,-5,43,-50]|p2name179_dist,{key179:value179}
mmsc|[46,36,-46,44,25,2,35,-10,-29,41,-28,1]|p2name180_mmsc,{key180:value180}
lval|[-9,43,-35,-1,34,49,-24,40,-16,20,41,23]|p2name181_lval,{key181:value181}
dist|[40,22,17,-33,23,16,-19,-10,-12,4,-36,-48]|p2name182_dist,{key182:value182}
mmsc|[-36,-5,27,-3,28,25,41,-1,3,-44,45,42]|p2name183_mmsc,{key183:value183}
lval|[-7,6,-43,-3,-4,34,1,30,24,15,-34,3]|p2name184_lval,{key184:value184}
mmsc|[-15,35,39,-24,-33,-41,-45,44,15,-22,-43,11]|p2name185_mmsc,{key185:value185}
dist|[15,11,-15,14,-35,47,40,-46,10,49,-49,46]|p2name186_dist,{key186:value186}
sum|[44,22,-31,-39,-25,-9,31,-43,-34,42,-33,2]|p2name187_sum,{key187:value187}
sum|[42,31,26,27,-26,-8,-19,-49,-30,-13,8,36]|p2name188_sum,{key188:value188}
hist|[-41,3,-29,-30,10,-3,47,-19,-21,-36,34,42]|p2name189_hist,{key189:value189}
hist|[-31,-12,20,0,6,-9,46,-28,7,-17,-49,-16]|p2name190_hist,{key190:value190}
lval|[14,-1,7,20,-11,30,36,25,-24,-22,21,42]|p2name191_lval,{key191:value191}
hist|[-9,13,-14,-30,-26,39,-45,-8,-2,47,-19,10]|p2name192_hist,{key192:value192}
dist|[1,44,12,15,-48,27,11,22,-15,17,-32,-34]|p2name193_dist,{key193:value193}
sum|[11,-19,-8,-49,-48,-18,-39,-28,-16,17,21,27]|p2name194_sum,{key194:value194}
sum|[43,49,23,14,-15,-36,40,-3,16,11,-45,28]|p2name195_sum,{key195:value195}
mmsc|[-9,-32,-4,7,34,-42,40,32,27,17,19,-8]|p2name196_mmsc,{key196:value196}
mmsc|[-20,-7,18,-29,0,-32,25,41,-39,-18,3,2]|p2name197_mmsc,{key197:value197}
mmsc|[42,7,-35,14,-47,-28,-42,-7,16,39,30,19]|p2name198_mmsc,{key198:value198}
lval|[-3,1,9,-14,34,-20,26,-21,21,-50,-43,-46]|p2name199_lval,{key199:value199}
sum|[-9,34,-36,7,-33,40,42,-12,47,21,45,-17]|p2name200_sum,{key200:value200}
sum|[7,17,-41,-24,-23,4,13,36,-32,-20,-35,16]|p2name201_sum,{key201:value201}
lval|[0,39,48,43,15,-17,-42,40,9,-19,30,49]|p2name202_lval,{key202:value202}
dist|[37,10,44,-15,-31,33,-37,0,-10,-30,-48,-38]|p2name203_dist,{key203:value203}
hist|[16,46,-21,43,-35,-8,-12,9,34,-37,-50,-20]|p2name204_hist,{key204:value204}
mmsc|[45,27,-40,-12,15,-16,32,7,-35,-11,39,-1]|p2name205_mmsc,{key205:value205}
dist|[27,-48,28,6,-9,-34,45,-27,-11,-26,-19,20]|p2name206_dist,{key206:value206}
lval|[-39,23,26,-4,14,12,-32,-6,38,36,-48,11]|p2name207_lval,{key207:value207}
hist|[21,25,38,26,3,47,-11,-26,45,5,-40,-42]|p2name208_hist,{key208:value208}
mmsc|[-27,38,-46,-38,46,30,-29,9,34,13,-15,-44]|p2name209_mmsc,{key209:value209}
dist|[-41,-18,8,35,5,-24,-49,-29,-6,32,-14,16]|p2name210_dist,{key210:value210}
hist|[16,-35,47,39,33,-27,19,46,-32,-44,0,13]|p2name211_hist,{key211:value211}
lval|[38,30,16,-48,-2,36,34,28,-3,37,8,-11]|p2name212_lval,{key212:value212}
mmsc|[12,40,5,-45,-8,35,41,46,-15,32,16,26]|p2name213_mmsc,{key213:value213}
dist|[-1,24,36,41,27,-23,-33,5,-16,30,-10,-50]|p2name214_dist,{key214:value214}
hist|[20,33,-30,-46,15,-9,34,24,30,-2,-3,-20]|p2name215_hist,{key215:value215}
hist|[10,40,16,-22,2,0,-48,41,25,14,-26,9]|p2name216_hist,{key216:value216}
hist|[-10,-11,-43,-30,-29,-18,-16,6,28,20,49,0]|p2name217_hist,{key217:value217}
hist|[47,0,44,29,-9,-18,-38,-28,-6,-39,3,5]|p2name218_hist,{key218:value218}
mmsc|[47,11,-36,38,32,45,-1,43,14,37,5,28]|p2name219_mmsc,{key219:value219}
dist|[16,9,32,-3,-30,28,39,35,-35,-22,15,-16]|p2name220_dist,{key220:value220}
mmsc|[-36,-46,-13,-16,-14,-45,27,14,39,37,-34,20]|p2name221_mmsc,{key221:value221}
dist|[12,19,-49,33,20,-36,42,-9,35,-47,13,36]|p2name222_dist,{key222:value222}
mmsc|[-50,11,-49,-8,-9,-37,-23,25,-43,-13,20,-31]|p2name223_mmsc,{key223:value223}
lval|[3,7,-41,41,43,8,38,-31,-9,-30,-18,34]|p2name224_lval,{key224:value224}
mmsc|[14,40,45,-16,-28,-40,13,31,-31,-45,-25,-30]|p2name225_mmsc,{key225:value225}
hist|[-3,32,27,29,24,-21,-50,43,40,-9,-46,30]|p2name226_hist,{key226:value226}
dist|[-21,-36,46,-23,-17,-5,10,-49,45,18,-12,0]|p2name227_dist,{key227:value227}
lval|[12,-38,-27,45,-7,41,-43,-33,-37,3,-2,-31]|p2name228_lval,{key228:value228}
mmsc|[-50,-49,20,-25,0,-48,-39,26,-27,13,32,44]|p2name229_mmsc,{key229:value229}
sum|[15,44,39,-37,0,48,7,43,-44,25,-40,-45]|p2name230_sum,{key230:value230}
hist|[-38,-9,-33,27,-17,-32,-23,-36,-43,-42,-4,34]|p2name231_hist,{key231:value231}
lval|[48,27,-6,-33,3,44,-3,-28,28,-23,47,-48]|p2name232_lval,{key232:value232}
dist|[-5,32,36,17,16,13,22,30,-3,41,-32,-33]|p2name233_dist,{key233:value233}
hist|[6,-42,31,14,-8,8,-21,47,-46,-43,-14,1]|p2name234_hist,{key234:value234}
lval|[-45,35,25,8,-2,-50,-19,-11,-14,6,2,43]|p2name235_lval,{key235:value235}
sum|[43,-13,-9,30,-42,44,-4,22,-49,-3,38,48]|p2name236_sum,{key236:value236}
mmsc|[38,28,-33,-16,41,5,15,-29,27,-7,22,34]|p2name237_mmsc,{key237:value237}
mmsc|[33,-17,3,-5,-29,-47,-14,-34,19,-46,-20,4]|p2name238_mmsc,{key238:value238}
mmsc|[25,-17,-44,-35,46,-25,30,-47,-19,22,49,-24]|p2name239_mmsc,{key239:value239}
hist|[23,-1,-7,-40,-8,8,6,39,11,42,-3,-5]|p2name240_hist,{key240:value240}
mmsc|[-45,2,-35,-15,-1,-2,10,30,-4,37,-43,32]|p2name241_mmsc,{key241:value241}
sum|[-8,49,20,-39,31,17,-30,-16,6,-1,38,-50]|p2name242_sum,{key242:value242}
sum|[10,-50,-43,-4,-16,-47,25,-23,3,36,-42,-45]|p2name243_sum,{key243:value243}
sum|[7,18,-42,-23,-2,-26,-39,27,-46,-17,10,-47]|p2name244_sum,{key244:value244}
mmsc|[13,22,37,-45,11,47,32,15,-25,-29,40,36]|p2name245_mmsc,{key245:value245}
dist|[15,-48,-7,-46,28,-20,-25,34,36,11,-29,12]|p2name246_dist,{key246:value246}
lval|[47,16,24,-50,0,-17,-12,-41,27,6,45,-11]|p2name247_lval,{key247:value247}
dist|[5,49,7,-44,-46,-2,33,26,22,43,-22,-25]|p2name248_dist,{key248:value248}
sum|[-7,-10,30,-5,2,-3,24,34,35,-47,39,-11]|p2name249_sum,{key249:value249}
mmsc|[-12,-40,-43,-23,-34,43,5,-38,18,-20,-11,36]|p2name250_mmsc,{key250:value250}
hist|[-12,21,-20,-18,12,11,47,15,-17,35,41,-15]|p2name251_hist,{key251:value251}
mmsc|[-45,-31,4,-13,15,14,-44,-9,3,-24,-21,26]|p2name252_mmsc,{key252:value252}
mmsc|[32,-10,30,-48,-35,29,48,18,-4,-3,45,28]|p2name253_mmsc,{key253:value253}
lval|[-1,8,-20,41,36,20,29,-33,-23,15,49,-2]|p2name254_lval,{key254:value254}
hist|[21,28,33,18,-8,-35,-34,24,-12,19,-45,-23]|p2name255_hist,{key255:value255}
mmsc|[-21,-14,-7,-41,9,10,-49,-46,-42,-12,40,20]|p2name256_mmsc,{key256:value256}
mmsc|[20,-32,10,-17,-24,-8,-39,-7,29,2,-14,-38]|p2name257_mmsc,{key257:value257}
mmsc|[-10,-26,-9,19,40,-17,47,29,-45,-19,27,-42]|p2name258_mmsc,{key258:value258}
dist|[-21,8,45,49,10,-27,24,22,-30,-44,-16,-6]|p2name259_dist,{key259:value259}
sum|[42,-8,13,41,20,-41,2,46,-17,4,-11,-4]|p2name260_sum,{key260:value260}
hist|[-11,1,-47,8,12,33,-3,31,41,-13,9,5]|p2name261_hist,{key261:value261}
hist|[-15,19,-38,18,-17,-4,3,14,-10,45,-28,-30]|p2name262_hist,{key262:value262}
lval|[-13,33,-22,-8,-42,-46,-10,-45,21,40,45,-49]|p2name263_lval,{key263:value263}
dist|[13,-18,-32,-35,9,15,43,40,-26,-48,-7,27]|p2name264_dist,{key264:value264}
hist|[15,16,-12,-26,-38,-35,31,4,-10,-4,-34,9]|p2name265_hist,{key265:value265}
lval|[-17,-48,-47,40,2,21,-19,32,47,12,-4,-37]|p2name266_lval,{key266:value266}
dist|[-9,32,-11,5,-8,-35,-1,40,3,-49,2,27]|p2name267_dist,{key267:value267}
hist|[34,-38,-21,-45,-19,-15,44,27,2,12,3,24]|p2name268_hist,{key268:value268}
hist|[40,46,-23,-39,-7,17,-9,-21,9,-13,-43,43]|p2name269_hist,{key269:value269}
dist|[-28,1,-24,5,-46,33,-41,-42,-15,-26,38,-48]|p2name270_dist,{key270:value270}
hist|[-15,49,20,-17,14,35,-50,40,-36,-13,-29,15]|p2name271_hist,{key271:value271}
dist|[43,7,11,-18,21,-4,-41,29,-46,-16,-50,31]|p2name272_dist,{key272:value272}
sum|[-19,-4,37,-32,-17,-39,0,-49,29,-12,49,-10]|p2name273_sum,{key273:value273}
dist|[38,-2,48,35,-37,9,-47,-3,43,6,-10,-1]|p2name274_dist,{key274:value274}
hist|[39,49,-33,-34,19,30,29,-35,-19,14,-41,-16]|p2name275_hist,{key275:value275}
sum|[-50,46,-33,-36,19,38,-3,-34,17,-28,-21,18]|p2name276_sum,{key276:value276}
hist|[17,2,-25,29,-33,-43,45,16,-26,23,24,-30]|p2name277_hist,{key277:value277}
lval|[36,27,-30,-29,21,16,-2,32,-7,-17,-49,-10]|p2name278_lval,{key278:value278}
hist|[44,-16,7,16,-15,5,14,11,13,45,-37,42]|p2name279_hist,{key279:value279}
sum|[48,5,-1,23,-44,1,43,-17,-41,36,21,31]|p2name280_sum,{key280:value280}
dist|[38,41,-6,-16,-21,4,-28,22,36,-11,32,-49]|p2name281_dist,{key281:value281}
hist|[-28,-39,-2,-48,39,15,-49,-6,-3,19,-1,0]|p2name282_hist,{key282:value282}
sum|[-15,-2,34,22,11,-31,1,5,16,-44,15,-30]|p2name283_sum,{key283:value283}
hist|[-37,14,11,24,-8,-19,38,5,-33,34,3,33]|p2name284_hist,{key284:value284}
mmsc|[17,38,-44,-43,5,9,24,42,-32,-47,49,46]|p2name285_mmsc,{key285:value285}
dist|[49,5,-48,36,-16,-19,19,37,6,39,34,-47]|p2name286_dist,{key286:value286}
mmsc|[-25,-5,-36,-47,-41,18,-29,7,-27,-9,-37,36]|p2name287_mmsc,{key287:value287}
mmsc|[-39,15,43,5,-27,29,-13,6,30,45,-2,-12]|p2name288_mmsc,{key288:value288}
hist|[4,16,10,14,13,-43,-20,45,3,39,28,27]|p2name289_hist,{key289:value289}
lval|[40,28,13,22,45,35,-27,30,-35,47,43,39]|p2name290_lval,{key290:value290}
lval|[-14,12,-12,45,-45,-18,-23,-47,-11,6,-1,8]|p2name291_lval,{key291:value291}
dist|[39,24,45,-29,47,40,-21,3,29,-13,43,25]|p2name292_dist,{key292:value292}
lval|[42,-38,18,7,13,-27,5,41,-30,-34,20,-21]|p2name293_lval,{key293:value293}
sum|[-45,-49,46,-14,28,-37,-46,34,-41,14,-29,-15]|p2name294_sum,{key294:value294}
lval|[38,5,-38,-14,-37,-33,-16,9,-42,-32,7,12]|p2name295_lval,{key295:value295}
mmsc|[-18,-27,-38,-14,-31,7,-33,-4,8,-44,18,1]|p2name296_mmsc,{key296:value296}
sum|[3,-44,22,-22,-25,-35,23,20,-8,-40,-23,24]|p2name297_sum,{key297:value297}
hist|[-4,14,34,-48,-29,-19,33,49,-2,-3,-25,16]|p2name298_hist,{key298:value298}
mmsc|[48,-9,1,-39,34,-47,-19,-32,-10,0,-22,-34]|p2name299_mmsc,{key299:value299}
mmsc|[-4,-49,-46,44,5,2,-33,45,-25,-50,-11,-24]|p2name300_mmsc,{key300:value300}
lval|[4,29,-37,14,-9,-45,39,-6,-12,43,-22,-21]|p2name301_lval,{key301:value301}
hist|[-28,14,-49,30,-38,-1,-41,-24,-25,38,5,-2]|p2name302_hist,{key302:value302}
lval|[38,-30,-48,-39,49,-46,32,5,-21,-32,48,47]|p2name303_lval,{key303:value303}
sum|[28,4,-33,-25,48,-24,24,5,2,36,-6,7]|p2name304_sum,{key304:value304}
sum|[11,5,-3,-11,9,-26,-36,-48,0,3,33,-14]|p2name305_sum,{key305:value305}
lval|[12,42,5,14,2,3,46,-15,-42,30,28,48]|p2name306_lval,{key306:value306}
lval|[-24,37,49,-2,14,-5,-7,12,45,43,30,-30]|p2name307_lval,{key307:value307}
hist|[44,8,-42,15,-8,-2,7,-46,12,-28,-26,20]|p2name308_hist,{key308:value308}
hist|[-16,-6,9,13,-34,-41,1,-21,42,-13,-4,38]|p2name309_hist,{key309:value309}
sum|[13,33,-18,-2,48,8,12,19,3,42,-10,11]|p2name310_sum,{key310:value310}
lval|[36,45,-8,-2,6,-50,-16,-41,25,-12,47,0]|p2name311_lval,{key311:value311}
dist|[-9,-23,-14,-41,24,-13,-39,-38,49,-31,17,-24]|p2name312_dist,{key312:value312}
mmsc|[-21,7,-5,-41,17,26,49,-37,32,-28,31,-45]|p2name313_mmsc,{key313:value313}
hist|[-22,-37,32,44,-28,-27,-26,-41,27,-5,18,-33]|p2name314_hist,{key314:value314}
sum|[-4,39,14,-27,22,-16,-39,28,-13,1,25,-5]|p2name315_sum,{key315:value315}
dist|[-36,-32,-10,22,14,-50,-19,-34,45,-8,40,-47]|p2name316_dist,{key316:value316}
sum|[-34,47,22,-8,10,0,7,-45,39,43,-46,-28]|p2name317_sum,{key317:value317}
sum|[-29,46,-17,-50,-8,21,40,-7,2,-23,-34,-25]|p2name318_sum,{key318:value318}
sum|[-39,-8,27,8,21,20,0,-17,24,30,-10,-16]|p2name319_sum,{key319:value319}
mmsc|[5,-44,32,-50,45,19,37,-15,-13,21,-25,-48]|p2name320_mmsc,{key320:value320}
lval|[-9,-27,-28,-50,-32,-40,-11,47,34,-10,-38,-39]|p2name321_lval,{key321:value321}
mmsc|[20,30,1,26,-17,-5,-23,-39,-26,-44,-25,45]|p2name322_mmsc,{key322:value322}
lval|[-5,-7,14,-3,30,-16,-41,-46,-43,-9,-27,43]|p2name323_lval,{key323:value323}
dist|[-47,-46,32,-41,-18,26,-3,-28,16,17,27,28]|p2name324_dist,{key324:value324}
hist|[-31,-26,-20,23,-6,42,17,45,-38,9,2,-27]|p2name325_hist,{key325:value325}
dist|[10,-40,40,32,-36,-6,-41,19,17,20,7,27]|p2name326_dist,{key326:value326}
hist|[-2,15,29,-8,12,20,-30,-46,-38,-3,-45,-10]|p2name327_hist,{key327:value327}
lval|[46,31,16,23,26,-33,45,-50,40,-10,7,5]|p2name328_lval,{key328:value328}
sum|[13,22,14,-37,44,6,-27,-26,-12,-7,12,-34]|p2name329_sum,{key329:value329}
hist|[-44,-29,-42,-30,41,-27,3,34,-23,33,-5,-16]|p2name330_hist,{key330:value330}
sum|[25,-20,10,29,22,-17,-30,3,11,-14,30,18]|p2name331_sum,{key331:value331}
hist|[47,-47,-5,40,-6,-12,-23,13,-18,21,-49,12]|p2name332_hist,{key332:value332}
dist|[39,-46,49,22,-7,7,-17,38,10,26,34,-24]|p2name333_dist,{key333:value333}
lval|[40,-25,-14,-12,-19,-42,20,-27,-44,22,-20,34]|p2name334_lval,{key334:value334}
hist|[-34,30,48,5,-25,-50,24,-43,-6,45,-27,-1]|p2name335_hist,{key335:value335}
lval|[-32,-42,-6,-20,24,-23,-49,-47,-17,-10,-25,30]|p2name336_lval,{key336:value336}
sum|[-12,-28,13,39,-39,29,-14,-45,-26,43,-49,-44]|p2name337_sum,{key337:value337}
hist|[-22,46,34,33,30,17,-47,-30,9,36,0,8]|p2name338_hist,{key338:value338}
mmsc|[-45,1,29,-36,8,-17,-26,-40,-14,-33,17,-13]|p2name339_mmsc,{key339:value339}
sum|[-12,18,-45,5,-36,-40,-10,36,-6,20,42,41]|p2name340_sum,{key340:value340}
hist|[-32,-10,20,35,-27,45,11,19,-15,-23,47,-45]|p2name341_hist,{key341:value341}
mmsc|[30,35,-7,-17,-1,-49,-15,39,-28,17,-21,-8]|p2name342_mmsc,{key342:value342}
dist|[6,38,25,-40,-7,-48,13,47,-1,-31,34,22]|p2name343_dist,{key343:value343}
hist|[-24,-2,20,-46,24,-17,-15,36,-40,-32,-28,-3]|p2name344_hist,{key344:value344}
mmsc|[-26,-28,40,-33,36,-22,-41,-47,21,-40,38,17]|p2name345_mmsc,{key345:value345}
mmsc|[-27,4,-20,2,41,39,11,-42,-9,-16,25,49]|p2name346_mmsc,{key346:value346}
mmsc|[-47,-25,44,6,15,-37,-49,39,19,-9,-7,-44]|p2name347_mmsc,{key347:value347}
hist|[-2,-21,-3,12,5,42,25,-36,-7,-15,21,7]|p2name348_hist,{key348:value348}
mmsc|[15,-16,-39,-31,11,-50,46,-7,26,27,17,-4]|p2name349_mmsc,{key349:value349}
hist|[45,-28,18,-8,43,-41,39,-10,-45,-44,-22,-14]|p2name350_hist,{key350:value350}
dist|[14,8,-34,43,27,23,36,-45,2,32,48,-22]|p2name351_dist,{key351:value351}
hist|[-22,34,-8,-16,-34,-15,-37,-25,14,-17,21,39]|p2name352_hist,{key352:value352}
hist|[26,-27,17,-24,-11,32,24,5,4,-41,38,41]|p2name353_hist,{key353:value353}
mmsc|[-1,-3,28,-27,-26,20,22,-16,-37,-39,-40,-47]|p2name354_mmsc,{key354:value354}
lval|[37,39,-7,-3,16,21,-23,36,-26,-13,44,-19]|p2name355_lval,{key355:value355}
hist|[-33,-2,26,-30,-48,-28,27,15,29,25,16,36]|p2name356_hist,{key356:value356}
lval|[-42,-11,0,-34,-15,17,7,48,2,12,-25,18]|p2name357_lval,{key357:value357}
mmsc|[27,-25,-37,3,21,10,-20,-14,25,44,-32,26]|p2name358_mmsc,{key358:value358}
hist|[-15,37,42,-32,-16,-4,-2,-25,32,3,-9,-33]|p2name359_hist,{key359:value359}
mmsc|[-16,-2,13,27,-41,-31,-38,35,11,-4,4,-34]|p2name360_mmsc,{key360:value360}
sum|[46,33,-45,35,3,15,37,29,-13,-4,26,10]|p2name361_sum,{key361:value361}
mmsc|[-34,-31,1,25,7,-3,26,-11,-21,24,8,16]|p2name362_mmsc,{key362:value362}
sum|[37,15,-37,-8,-50,-17,40,-22,46,-25,-3,23]|p2name363_sum,{key363:value363}
sum|[20,-34,17,6,-39,-48,4,-2,33,-41,31,-40]|p2name364_sum,{key364:value364}
lval|[-34,2,-16,-24,49,-21,7,33,-26,26,24,40]|p2name365_lval,{key365:value365}
hist|[20,37,-48,2,31,-11,-13,-30,-38,6,-20,-32]|p2name366_hist,{key366:value366}
mmsc|[-22,44,23,-28,-34,-18,32,24,-41,-15,-47,4]|p2name367_mmsc,{key367:value367}
hist|[3,33,-7,-30,40,-31,-29,49,-3,-44,39,-12]|p2name368_hist,{key368:value368}
dist|[-33,28,1,31,-46,-38,-47,22,8,-32,-7,-45]|p2name369_dist,{key369:value369}
sum|[2,19,22,-19,-42,46,17,32,24,-33,10,13]|p2name370_sum,{key370:value370}
dist|[39,-21,32,13,-26,-40,27,45,41,-25,46,7]|p2name371_dist,{key371:value371}
hist|[-40,9,41,11,28,33,-25,3,-41,-38,-2,-49]|p2name372_hist,{key372:value372}
lval|[40,14,11,-42,-43,35,9,6,33,2,23,-46]|p2name373_lval,{key373:value373}
hist|[-48,-46,-31,-7,-10,31,4,8,-24,49,44,-3]|p2name374_hist,{key374:value374}
mmsc|[39,-1,-31,1,-21,-15,-16,-4,-42,-26,-30,-35]|p2name375_mmsc,{key375:value375}
lval|[37,-6,-3,35,-9,8,49,-42,28,-24,27,-31]|p2name376_lval,{key376:value376}
hist|[-6,-28,-34,-19,-50,-25,11,39,-45,-9,21,-8]|p2name377_hist,{key377:value377}
hist|[49,22,10,-11,29,28,-27,-1,-13,31,47,26]|p2name378_hist,{key378:value378}
hist|[7,19,16,-50,35,-37,-3,10,4,-49,36,-29]|p2name379_hist,{key379:value379}
lval|[27,-33,32,6,-24,21,-50,-1,14,-48,5,-32]|p2name380_lval,{key380:value380}
sum|[36,6,-35,-2,1,15,-9,-28,26,48,45,11]|p2name381_sum,{key381:value381}
mmsc|[-21,-39,-27,-14,2,-30,39,-40,-37,-34,-13,-43]|p2name382_mmsc,{key382:value382}
lval|[-34,-11,3,-35,12,11,42,8,-46,-8,0,25]|p2name383_lval,{key383:value383}
hist|[7,-26,-45,20,48,6,30,-32,24,14,-41,-14]|p2name384_hist,{key384:value384}
lval|[-40,21,37,-8,34,10,-26,-37,-13,-4,-14,25]|p2name385_lval,{key385:value385}
sum|[-11,-29,19,37,-22,-13,33,-35,17,-34,12,32]|p2name386_sum,{key386:value386}
mmsc|[12,-18,11,-47,-19,22,-5,-43,-34,-29,20,-17]|p2name387_mmsc,{key387:value387}
hist|[-30,-42,-31,44,7,14,-5,-20,46,47,-22,-4]|p2name388_hist,{key388:value388}
mmsc|[-11,46,7,15,-23,2,0,-21,-29,-34,-6,-24]|p2name389_mmsc,{key389:value389}
lval|[-34,-15,-31,-50,11,2,5,-46,48,-26,32,-41]|p2name390_lval,{key390:value390}
mmsc|[15,31,-27,-44,-20,11,-50,-24,-34,36,-26,47]|p2name391_mmsc,{key391:value391}
lval|[-34,-43,-20,42,39,-39,-41,17,-48,9,-50,6]|p2name392_lval,{key392:value392}
dist|[23,7,-27,-12,-22,32,34,8,40,-38,37,17]|p2name393_dist,{key393:value393}
sum|[-3,-16,-27,-21,-2,10,-44,36,18,-4,-20,-1]|p2name394_sum,{key394:value394}
dist|[5,36,-12,-35,-10,-28,32,6,30,48,-40,49]|p2name395_dist,{key395:value395}
hist|[14,31,-19,42,-23,28,-21,22,37,-34,-15,-45]|p2name396_hist,{key396:value396}
lval|[2,-5,10,-32,-8,46,-24,0,-43,-50,-41,33]|p2name397_lval,{key397:value397}
hist|[14,13,-35,20,-11,-48,16,43,-23,-36,-16,31]|p2name398_hist,{key398:value398}
lval|[35,11,-18,45,-27,7,48,21,41,43,6,-7]|p2name399_lval,{key399:value399}
sum|[11,-10,-32,-46,-12,-36,42,-41,-9,34,-31,10]|p2name400_sum,{key400:value400}
lval|[-38,-34,10,8,-8,49,-19,-1,5,-17,40,-36]|p2name401_lval,{key401:value401}
hist|[-45,-28,28,-26,0,-39,-15,-3,-25,43,22,20]|p2name402_hist,{key402:value402}
dist|[10,13,25,4,7,-29,24,-4,35,46,-11,22]|p2name403_dist,{key403:value403}
lval|[-35,-49,-9,-48,-15,30,-50,49,17,5,-40,-43]|p2name404_lval,{key404:value404}
sum|[-27,21,36,-18,8,-24,43,-5,-23,-22,17,-37]|p2name405_sum,{key405:value405}
mmsc|[31,-50,-43,-32,10,-46,-22,4,0,13,-17,-26]|p2name406_mmsc,{key406:value406}
hist|[20,36,23,4,14,-13,-24,-45,12,-41,37,31]|p2name407_hist,{key407:value407}
mmsc|[-39,7,-38,-15,-1,27,-36,-30,-27,17,13,-34]|p2name408_mmsc,{key408:value408}
mmsc|[-48,32,17,39,-50,-22,4,34,33,11,-42,18]|p2name409_mmsc,{key409:value409}
hist|[-13,21,-26,-46,-24,23,3,1,34,6,-15,-32]|p2name410_hist,{key410:value410}
sum|[-16,32,34,9,-8,-46,-4,-40,35,-50,-29,47]|p2name411_sum,{key411:value411}
lval|[-49,4,37,29,-12,-47,-44,36,12,38,19,-17]|p2name412_lval,{key412:value412}
dist|[-35,-22,24,-12,48,-32,34,-5,18,-48,-27,-17]|p2name413_dist,{key413:value413}
sum|[-7,25,8,-25,-50,-31,-6,24,-1,-29,41,36]|p2name414_sum,{key414:value414}
lval|[24,-2,-50,39,6,5,45,2,-44,-15,25,-28]|p2name415_lval,{key415:value415}
dist|[-19,23,21,-23,2,7,-33,9,-6,6,-24,-34]|p2name416_dist,{key416:value416}
hist|[-39,27,-35,22,3,-26,-34,-47,-8,-38,2,-6]|p2name417_hist,{key417:value417}
lval|[48,13,-39,-28,-46,-49,-14,-26,-33,11,-25,-12]|p2name418_lval,{key418:value418}
sum|[26,10,-1,-31,0,42,28,43,9,22,-49,1]|p2name419_sum,{key419:value419}
dist|[8,0,46,17,42,5,38,-40,13,-13,27,36]|p2name420_dist,{key420:value420}
hist|[17,48,30,-27,10,-31,-48,33,-10,27,13,-39]|p2name421_hist,{key421:value421}
mmsc|[-2,-44,16,31,32,-39,1,22,10,-35,-48,-34]|p2name422_mmsc,{key422:value422}
hist|[-28,-49,20,-24,21,30,9,25,-33,-3,-45,15]|p2name423_hist,{key423:value423}
sum|[-42,-21,-44,12,-50,-17,13,-18,34,-49,15,-2]|p2name424_sum,{key424:value424}
hist|[10,41,42,-2,37,-5,-23,-36,-8,-43,38,-45]|p2name425_hist,{key425:value425}
lval|[4,25,41,-22,32,2,-24,-47,-19,-3,19,3]|p2name426_lval,{key426:value426}
dist|[49,20,11,13,8,48,26,-38,36,-19,3,-34]|p2name427_dist,{key427:value427}
lval|[8,-6,46,-2,-34,6,-14,18,-9,-16,43,-27]|p2name428_lval,{key428:value428}
hist|[-34,38,-17,-2,-23,2,-21,5,33,-22,43,48]|p2name429_hist,{key429:value429}
hist|[-27,39,-1,-34,48,34,-25,22,24,6,0,5]|p2name430_hist,{key430:value430}
dist|[35,47,-3,-10,-16,7,-41,8,15,-25,-35,-6]|p2name431_dist,{key431:value431}
sum|[-40,-21,-13,-19,43,-25,-37,-34,-4,-39,2,-35]|p2name432_sum,{key432:value432}
mmsc|[16,-22,27,-24,12,21,-1,40,-34,-43,36,-35]|p2name433_mmsc,{key433:value433}
lval|[-34,11,9,-24,44,-45,-11,38,32,41,-31,-36]|p2name434_lval,{key434:value434}
sum|[-3,30,-10,-13,-18,14,29,47,-26,-23,31,8]|p2name435_sum,{key435:value435}
mmsc|[-48,-32,26,-1,43,-24,3,30,-30,-23,31,5]|p2name436_mmsc,{key436:value436}
sum|[-30,14,7,-34,16,45,-36,-33,-29,18,-47,-44]|p2name437_sum,{key437:value437}
sum|[18,8,-4,2,28,9,0,-13,-18,-31,15,37]|p2name438_sum,{key438:value438}
dist|[-22,5,7,-40,-15,-25,34,42,23,-18,16,30]|p2name439_dist,{key439:value439}
dist|[36,5,13,-35,39,-14,-33,18,16,10,-34,-11]|p2name440_dist,{key440:value440}
mmsc|[4,-33,-42,-15,-50,-45,25,-40,-17,32,14,19]|p2name441_mmsc,{key441:value441}
hist|[33,38,17,18,-22,-50,41,-9,30,-47,9,13]|p2name442_hist,{key442:value442}
hist|[20,28,-24,41,3,26,34,43,22,-28,-36,40]|p2name443_hist,{key443:value443}
dist|[-40,-22,-26,-30,38,-2,-12,35,9,16,28,17]|p2name444_dist,{key444:value444}
dist|[9,-24,-15,6,-9,4,0,-4,-39,-30,37,-31]|p2name445_dist,{key445:value445}
sum|[-49,32,-8,-32,-36,-40,19,-4,38,-50,-45,-12]|p2name446_sum,{key446:value446}
hist|[-42,-28,2,-15,-22,44,11,-50,4,-20,-48,-29]|p2name447_hist,{key447:value447}
sum|[45,-8,10,22,-17,11,37,-44,33,-6,47,-48]|p2name448_sum,{key448:value448}
mmsc|[21,32,34,-18,13,15,46,11,-35,-37,-22,-41]|p2name449_mmsc,{key449:value449}
mmsc|[-22,-16,-39,-3,14,25,6,-20,46,20,-27,-37]|p2name450_mmsc,{key450:value450}
lval|[-42,2,-33,-38,9,-12,40,27,49,18,44,24]|p2name451_lval,{key451:value451}
lval|[17,-50,44,-38,29,0,49,6,47,-32,-41,-1]|p2name452_lval,{key452:value452}
mmsc|[38,-12,-8,-27,-14,-4,24,-25,-44,-7,43,40]|p2name453_mmsc,{key453:value453}
hist|[-29,-7,33,42,-19,-24,3,31,-45,7,49,-17]|p2name454_hist,{key454:value454}
mmsc|[39,-5,22,-40,9,-21,-9,4,-8,-49,44,37]|p2name455_mmsc,{key455:value455}
hist|[-12,5,-20,4,20,-27,24,-50,-28,-3,16,-21]|p2name456_hist,{key456:value456}
dist|[-11,-35,-39,-6,-50,-13,-25,-4,9,-12,43,30]|p2name457_dist,{key457:value457}
hist|[7,-3,-47,-20,0,-34,40,-9,14,-48,23,41]|p2name458_hist,{key458:value458}
sum|[-24,47,4,-50,-14,9,-21,27,36,-13,-36,30]|p2name459_sum,{key459:value459}
sum|[40,-14,36,43,1,30,13,37,-9,-11,35,12]|p2name460_sum,{key460:value460}
mmsc|[41,-36,-25,-41,2,-40,49,48,28,11,32,-42]|p2name461_mmsc,{key461:value461}
hist|[-9,17,-32,-25,36,43,34,-34,-4,27,-49,3]|p2name462_hist,{key462:value462}
lval|[4,48,43,-35,18,-23,-25,32,-18,28,27,12]|p2name463_lval,{key463:value463}
sum|[-42,-5,-36,-21,23,-20,-25,-16,-14,15,45,24]|p2name464_sum,{key464:value464}
sum|[5,49,19,38,32,45,9,-50,-27,-22,37,4]|p2name465_sum,{key465:value465}
hist|[-36,-34,-24,-15,-39,-3,44,11,-40,-4,-48,-7]|p2name466_hist,{key466:value466}
sum|[39,-36,-44,47,19,-2,7,-40,-8,3,-16,-11]|p2name467_sum,{key467:value467}
sum|[39,33,44,-41,-21,-20,-39,10,42,7,23,-44]|p2name468_sum,{key468:value468}
mmsc|[27,45,-46,2,-38,-24,37,0,-40,20,5,30]|p2name469_mmsc,{key469:value469}
lval|[-2,-29,-44,29,36,-33,26,7,13,15,-49,20]|p2name470_lval,{key470:value470}
mmsc|[24,1,-23,-48,-21,4,-43,20,41,-30,-10,-13]|p2name471_mmsc,{key471:value471}
lval|[-22,17,7,-5,3,46,-26,37,-48,19,-38,16]|p2name472_lval,{key472:value472}
sum|[-13,-29,-9,-25,12,47,49,27,36,11,-12,-30]|p2name473_sum,{key473:value473}
hist|[36,3,26,41,46,-41,17,14,48,6,-39,10]|p2name474_hist,{key474:value474}
hist|[27,15,-9,-32,12,-21,30,42,-22,24,-36,10]|p2name475_hist,{key475:value475}
lval|[-15,-42,18,39,-47,-24,17,15,-36,9,-35,-45]|p2name476_lval,{key476:value476}
mmsc|[-27,-34,-24,46,19,3,-16,-48,-45,27,-23,43]|p2name477_mmsc,{key477:value477}
lval|[45,36,-34,27,-19,22,39,-7,-41,-17,-40,32]|p2name478_lval,{key478:value478}
dist|[37,-1,15,22,38,-22,-18,12,21,-20,29,23]|p2name479_dist,{key479:value479}
mmsc|[6,-23,-20,-48,38,-14,-47,39,-27,-11,8,-17]|p2name480_mmsc,{key480:value480}
sum|[8,19,-21,-11,37,29,-33,-35,-26,26,-13,17]|p2name481_sum,{key481:value481}
dist|[0,-45,36,31,16,32,-39,-24,-7,37,-11,-27]|p2name482_dist,{key482:value482}
sum|[26,9,-16,19,-5,-38,-41,-29,7,-47,27,16]|p2name483_sum,{key483:value483}
hist|[24,29,38,-22,10,-40,-28,45,21,49,-3,-27]|p2name484_hist,{key484:value484}
lval|[31,17,33,-10,-16,32,-43,28,12,-39,46,39]|p2name485_lval,{key485:value485}
mmsc|[38,-33,37,-19,-41,-31,-32,22,-40,-22,-3,-7]|p2name486_mmsc,{key486:value486}
hist|[-34,-41,-49,-11,18,-26,-35,14,0,12,38,24]|p2name487_hist,{key487:value487}
mmsc|[-16,-50,-48,8,44,10,5,-3,45,32,-37,-46]|p2name488_mmsc,{key488:value488}
hist|[-41,-32,-26,6,45,-30,-9,-36,-8,34,17,-29]|p2name489_hist,{key489:value489}
sum|[45,18,-19,-29,-9,-14,-48,-50,-35,10,32,15]|p2name490_sum,{key490:value490}
hist|[28,27,40,6,19,-46,-10,41,-36,-45,44,-9]|p2name491_hist,{key491:value491}
dist|[-41,22,29,-36,15,39,33,-6,-35,10,26,-5]|p2name492_dist,{key492:value492}
lval|[44,-38,-18,25,-42,13,30,-33,-8,-29,40,-21]|p2name493_lval,{key493:value493}
mmsc|[-4,22,32,-34,-36,-18,27,-41,18,-26,25,-33]|p2name494_mmsc,{key494:value494}
sum|[6,3,-6,41,33,-10,-36,-16,1,-1,38,19]|p2name495_sum,{key495:value495}
lval|[-9,-40,14,-28,13,32,-45,-36,-37,-18,49,30]|p2name496_lval,{key496:value496}
mmsc|[-37,-35,-14,-29,28,-36,37,18,-24,-41,31,-31]|p2name497_mmsc,{key497:value497}
lval|[-42,-35,17,-16,-43,47,-36,-17,49,13,39,41]|p2name498_lval,{key498:value498}
mmsc|[-16,-10,44,49,-29,9,-19,-49,-23,-33,37,22]|p2name499_mmsc,{key499:value499}
dist|[47,14,-48,-17,-23,31,-34,-13,13,-12,-32,-35]|p2name500_dist,{key500:value500}
lval|[-24,48,0,-47,14,18,-43,-48,42,15,29,-46]|p2name501_lval,{key501:value501}
hist|[0,-49,35,-40,37,17,-18,44,-7,1,-37,29]|p2name502_hist,{key502:value502}
lval|[1,-9,-8,2,-13,35,3,-43,-14,20,-28,-26]|p2name503_lval,{key503:value503}
lval|[-35,-9,0,-24,6,-39,31,-41,-40,-31,-28,-48]|p2name504_lval,{key504:value504}
lval|[-19,3,16,5,47,-8,33,22,7,-11,34,-31]|p2name505_lval,{key505:value505}
dist|[11,-45,-36,-43,-6,-15,-22,-31,-18,-10,45,29]|p2name506_dist,{key506:value506}
dist|[31,5,25,-33,-23,-12,46,1,-8,2,49,37]|p2name507_dist,{key507:value507}
hist|[-39,-38,48,-13,-44,-8,39,-7,-46,28,-42,-4]|p2name508_hist,{key508:value508}
dist|[-44,-33,21,30,38,-42,41,-43,7,10,-20,-37]|p2name509_dist,{key509:value509}
mmsc|[35,46,-24,-8,28,-11,13,42,-25,47,4,-27]|p2name510_mmsc,{key510:value510}
hist|[10,-15,5,-33,38,-13,14,-9,-20,-46,43,-41]|p2name511_hist,{key511:value511}
lval|[6,25,-28,9,-47,-48,-13,-15,34,-38,14,45]|p2name512_lval,{key512:value512}
mmsc|[-44,17,13,-31,35,7,21,9,-19,-16,-47,33]|p2name513_mmsc,{key513:value513}
hist|[1,9,12,36,-24,-11,29,-46,10,7,11,38]|p2name514_hist,{key514:value514}
mmsc|[19,-29,24,-25,-43,23,-20,30,-45,21,-19,-24]|p2name515_mmsc,{key515:value515}
dist|[7,-50,33,-4,-2,21,16,25,-29,-36,-12,44]|p2name516_dist,{key516:value516}
dist|[-12,4,8,49,6,41,-2,0,17,13,-17,-27]|p2name517_dist,{key517:value517}
lval|[-38,-49,-1,-27,37,35,-40,2,-41,46,-26,8]|p2name518_lval,{key518:value518}
sum|[38,-24,-41,6,26,-36,-32,41,-21,14,-9,-18]|p2name519_sum,{key519:value519}
dist|[-6,45,27,4,24,2,-25,-20,33,-23,32,10]|p2name520_dist,{key520:value520}
mmsc|[37,28,11,-39,4,-36,-24,-35,47,-43,-21,-10]|p2name521_mmsc,{key521:value521}
lval|[-10,17,21,36,41,8,-31,-17,25,42,-49,-35]|p2name522_lval,{key522:value522}
mmsc|[36,-39,-9,-48,35,6,9,-40,-17,33,37,-38]|p2name523_mmsc,{key523:value523}
dist|[11,-45,37,43,4,-18,49,-35,-19,13,44,-9]|p2name524_dist,{key524:value524}
sum|[45,29,-18,17,32,-44,-50,34,-7,21,-9,1]|p2name525_sum,{key525:value525}
lval|[4,24,25,41,-12,23,-25,39,10,47,18,40]|p2name526_lval,{key526:value526}
mmsc|[-3,0,35,-25,-32,19,32,-36,-9,-4,-40,3]|p2name527_mmsc,{key527:value527}
hist|[23,35,-28,-38,4,-16,-50,41,-36,20,28,39]|p2name528_hist,{key528:value528}
sum|[-5,28,33,-24,8,-50,7,48,9,34,-13,-43]|p2name529_sum,{key529:value529}
hist|[43,25,0,48,-31,30,-47,-33,17,-16,22,32]|p2name530_hist,{key530:value530}
hist|[14,-30,-38,26,46,32,-33,6,-19,-28,12,31]|p2name531_hist,{key531:value531}
hist|[19,-9,2,45,11,7,5,-37,-22,12,40,-42]|p2name532_hist,{key532:value532}
sum|[9,-16,6,-26,-31,38,-17,33,-37,-50,35,-47]|p2name533_sum,{key533:value533}
mmsc|[34,26,47,-41,19,5,22,-42,8,24,-37,-49]|p2name534_mmsc,{key534:value534}
mmsc|[28,-18,-19,-8,49,-1,1,24,-47,-11,-31,-25]|p2name535_mmsc,{key535:value535}
dist|[-12,-32,41,-49,-17,2,-11,-22,6,33,-33,47]|p2name536_dist,{key536:value536}
hist|[19,10,-49,25,-10,-15,-27,-28,49,-22,18,34]|p2name537_hist,{key537:value537}
mmsc|[12,16,7,32,23,-3,-18,-39,17,42,35,-10]|p2name538_mmsc,{key538:value538}
lval|[9,33,18,34,-1,47,-28,-24,-20,-43,-37,-50]|p2name539_lval,{key539:value539}
hist|[-7,2,-49,36,-19,41,9,-11,-2,-45,49,-9]|p2name540_hist,{key540:value540}
hist|[34,12,-16,6,-26,-27,-34,-9,20,-37,-17,33]|p2name541_hist,{key541:value541}
sum|[-39,14,-24,27,-32,0,-19,49,-13,-43,-16,43]|p2name542_sum,{key542:value542}
hist|[-18,-15,-30,-44,-14,16,20,41,-39,-4,28,37]|p2name543_hist,{key543:value543}
mmsc|[-16,46,33,16,-25,31,-13,-34,-31,-32,42,-44]|p2name544_mmsc,{key544:value544}
sum|[-2,33,24,2,-32,-49,-22,35,12,-41,-28,-29]|p2name545_sum,{key545:value545}
sum|[22,47,34,-11,-6,-47,28,20,14,17,44,8]|p2name546_sum,{key546:value546}
dist|[-2,-18,-27,5,-1,-10,26,25,42,20,-13,35]|p2name547_dist,{key547:value547}
sum|[38,-38,-34,11,-35,-10,23,-14,0,47,-50,17]|p2name548_sum,{key548:value548}
dist|[-41,47,41,-32,33,-24,-47,46,11,-22,-9,38]|p2name549_dist,{key549:value549}
dist|[30,-18,43,35,32,-23,28,-48,-26,-17,-10,-20]|p2name550_dist,{key550:value550}
mmsc|[19,10,-19,-46,2,1,-48,24,47,-38,-1,-16]|p2name551_mmsc,{key551:value551}
sum|[20,30,-24,9,-30,33,-35,39,-33,25,2,7]|p2name552_sum,{key552:value552}
sum|[-42,28,-17,-30,29,7,33,-35,-37,38,-44,-14]|p2name553_sum,{key553:value553}
sum|[19,28,-13,15,-17,16,-47,31,43,-49,-39,-22]|p2name554_sum,{key554:value554}
lval|[22,8,-13,32,-4,6,-2,15,10,40,-24,-8]|p2name555_lval,{key555:value555}
lval|[-9,-36,38,13,34,29,-45,0,-14,-11,6,16]|p2name556_lval,{key556:value556}
mmsc|[45,-28,35,5,-47,-50,-41,47,-24,1,-38,17]|p2name557_mmsc,{key557:value557}
mmsc|[20,-9,6,-44,-39,-47,-5,32,14,-10,-32,0]|p2name558_mmsc,{key558:value558}
mmsc|[45,11,0,-44,-33,10,37,-21,-32,44,-11,43]|p2name559_mmsc,{key559:value559}
sum|[-30,-13,-37,-16,-27,-25,41,-33,-10,-35,-40,2]|p2name560_sum,{key560:value560}
dist|[-22,-46,10,16,19,-45,15,-38,22,-21,-26,-8]|p2name561_dist,{key561:value561}
mmsc|[-31,14,-11,-19,-12,16,19,-6,40,6,15,37]|p2name562_mmsc,{key562:value562}
dist|[-34,24,47,43,20,8,-39,13,-49,38,-29,36]|p2name563_dist,{key563:value563}
sum|[25,-4,27,-22,13,6,-17,16,-37,-34,36,9]|p2name564_sum,{key564:value564}
lval|[-24,42,46,28,-20,14,32,-5,33,-30,-8,-31]|p2name565_lval,{key565:value565}
sum|[-31,21,-5,-42,-28,7,22,-27,28,31,-10,-13]|p2name566_sum,{key566:value566}
hist|[36,-20,19,-16,-28,-2,-27,3,-3,10,0,-15]|p2name567_hist,{key567:value567}
mmsc|[-29,44,-47,-23,-20,25,5,-42,32,-22,27,23]|p2name568_mmsc,{key568:value568}
dist|[-30,-25,7,35,0,2,-41,39,9,36,-32,-13]|p2name569_dist,{key569:value569}
sum|[33,-42,-37,-40,-46,27,15,1,30,-23,-1,-22]|p2name570_sum,{key570:value570}
mmsc|[33,37,-32,38,-31,-19,-44,-38,-29,10,-6,-17]|p2name571_mmsc,{key571:value571}
dist|[2,-15,-5,33,-44,-33,34,-43,-8,-46,-29,39]|p2name572_dist,{key572:value572}
dist|[10,29,-23,-44,-21,-6,36,-13,5,1,34,-26]|p2name573_dist,{key573:value573}
dist|[-50,41,-48,-37,-47,-35,29,-27,49,-25,33,-7]|p2name574_dist,{key574:value574}
hist|[33,-29,41,-23,32,30,-45,-26,16,-33,-3,-20]|p2name575_hist,{key575:value575}
dist|[46,-9,17,1,10,32,21,-30,-3,-11,-13,42]|p2name576_dist,{key576:value576}
hist|[-20,-31,-15,-39,-40,42,34,29,12,17,-6,11]|p2name577_hist,{key577:value577}
mmsc|[-40,-24,11,47,-15,9,-29,12,-50,22,-5,20]|p2name578_mmsc,{key578:value578}
sum|[-8,-10,45,30,-4,-47,22,-32,46,-18,-40,12]|p2name579_sum,{key579:value579}
sum|[-15,47,-40,-45,-32,-2,-29,1,-46,0,-16,-27]|p2name580_sum,{key580:value580}
dist|[3,30,0,17,-1,8,-35,49,-12,-36,-4,-42]|p2name581_dist,{key581:value581}
dist|[-24,-15,-42,-13,-1,-33,8,-27,-49,26,-37,-4]|p2name582_dist,{key582:value582}
hist|[-45,7,47,14,23,43,-50,-29,46,-6,-17,-8]|p2name583_hist,{key583:value583}
hist|[48,26,12,18,13,6,-16,-13,22,49,29,-44]|p2name584_hist,{key584:value584}
dist|[7,-19,18,35,-27,25,36,-29,-11,17,-4,-20]|p2name585_dist,{key585:value585}
dist|[7,-4,13,27,6,-32,-33,29,5,-40,42,-50]|p2name586_dist,{key586:value586}
sum|[37,-41,-36,5,-48,38,-18,-38,-14,41,-37,4]|p2name587_sum,{key587:value587}
hist|[-36,-12,5,-47,49,-7,-37,-9,-17,-49,44,-22]|p2name588_hist,{key588:value588}
sum|[-13,-47,18,-35,-27,-40,-12,-24,-23,-42,-10,5]|p2name589_sum,{key589:value589}
mmsc|[16,-23,-20,41,-30,45,9,39,-26,-7,11,20]|p2name590_mmsc,{key590:value590}
mmsc|[18,4,-33,-36,26,-37,-42,28,-5,-17,24,-38]|p2name591_mmsc,{key591:value591}
sum|[-15,33,3,-12,-50,25,39,-3,-4,-1,32,18]|p2name592_sum,{key592:value592}
sum|[38,49,-10,0,-41,25,-15,-21,-19,-43,2,-17]|p2name593_sum,{key593:value593}
sum|[38,37,-40,35,19,11,23,-46,-49,-12,25,-18]|p2name594_sum,{key594:value594}
hist|[-36,5,7,13,43,-7,44,4,-48,-29,-17,-32]|p2name595_hist,{key595:value595}
hist|[-45,43,28,41,24,-2,8,-41,13,-26,-29,-7]|p2name596_hist,{key596:value596}
mmsc|[-3,-12,35,-49,18,-2,8,-7,19,5,-20,-50]|p2name597_mmsc,{key597:value597}
sum|[-2,31,35,-44,-5,47,-48,-23,42,-25,-13,18]|p2name598_sum,{key598:value598}
mmsc|[-39,36,-50,11,-14,39,-27,-42,6,7,44,43]|p2name599_mmsc,{key599:value599}
mmsc|[22,7,-14,-46,18,-29,-27,39,36,32,0,-43]|p2name600_mmsc,{key600:value600}
mmsc|[-1,-35,-20,-30,-41,31,32,18,10,11,19,43]|p2name601_mmsc,{key601:value601}
sum|[-18,26,-24,-13,-5,-33,-42,4,43,-14,-32,3]|p2name602_sum,{key602:value602}
hist|[-26,-8,44,46,13,30,-16,-37,-42,-6,3,-33]|p2name603_hist,{key603:value603}
lval|[-35,19,-5,42,-37,-6,18,-8,8,-25,7,11]|p2name604_lval,{key604:value604}
sum|[48,-31,7,-45,31,-1,-32,-37,-25,-48,-30,12]|p2name605_sum,{key605:value605}
lval|[9,-5,47,23,-25,-46,-30,49,29,-18,-34,14]|p2name606_lval,{key606:value606}
lval|[34,45,33,-42,-4,5,40,-15,39,-22,-2,2]|p2name607_lval,{key607:value607}
mmsc|[-2,-11,-7,-13,22,20,-49,26,-6,23,15,-17]|p2name608_mmsc,{key608:value608}
mmsc|[-42,10,-22,13,-26,5,-49,3,-7,1,48,-14]|p2name609_mmsc,{key609:value609}
sum|[47,20,28,0,13,-1,-47,-19,29,1,-17,4]|p2name610_sum,{key610:value610}
hist|[3,-17,-45,36,23,-38,-10,25,-34,-29,-13,-3]|p2name611_hist,{key611:value611}
lval|[-32,-24,-29,36,14,48,-40,-44,7,19,35,-12]|p2name612_lval,{key612:value612}
hist|[37,25,3,-31,-45,11,42,16,-34,10,-44,-24]|p2name613_hist,{key613:value613}
dist|[10,-25,-28,21,40,-41,43,-32,30,-36,-24,-39]|p2name614_dist,{key614:value614}
sum|[-46,-38,29,46,16,-16,-11,9,40,-7,18,-36]|p2name615_sum,{key615:value615}
mmsc|[21,-12,-1,27,-2,33,18,-47,-6,-20,40,29]|p2name616_mmsc,{key616:value616}
hist|[-22,45,-5,41,38,2,10,6,43,48,13,-9]|p2name617_hist,{key617:value617}
hist|[48,21,-23,7,-41,19,34,-3,13,31,-8,29]|p2name618_hist,{key618:value618}
lval|[-15,21,-47,35,20,-1,-26,-10,36,-25,-18,-12]|p2name619_lval,{key619:value619}
dist|[24,36,-8,-6,-2,35,38,3,-18,-24,-34,-21]|p2name620_dist,{key620:value620}
hist|[1,-1,10,-21,-44,3,-34,-20,-29,35,-12,16]|p2name621_hist,{key621:value621}
mmsc|[-28,21,-45,-37,-25,6,49,-50,-24,36,-40,16]|p2name622_mmsc,{key622:value622}
hist|[-5,45,17,46,-48,36,-50,-12,-40,13,-33,20]|p2name623_hist,{key623:value623}
sum|[33,10,-32,-8,-41,-46,-16,43,46,-30,17,25]|p2name624_sum,{key624:value624}
lval|[4,-2,-16,-5,3,21,-1,-39,-20,-47,37,44]|p2name625_lval,{key625:value625}
lval|[-22,41,-12,33,-49,0,24,5,15,-27,-38,-8]|p2name626_lval,{key626:value626}
hist|[15,-5,0,-27,-36,-40,-31,-2,36,-10,-6,34]|p2name627_hist,{key627:value627}
lval|[11,26,-19,-20,13,48,36,-39,-32,6,24,-34]|p2name628_lval,{key628:value628}
hist|[-26,-36,-25,-22,32,-34,27,24,-14,-20,25,-43]|p2name629_hist,{key629:value629}
lval|[-4,0,37,-26,44,-27,-39,-23,-6,15,-8,-35]|p2name630_lval,{key630:value630}
lval|[-20,12,28,-41,9,-25,6,-2,24,-12,14,47]|p2name631_lval,{key631:value631}
sum|[31,-14,-50,-4,-9,21,2,-15,11,27,-33,-21]|p2name632_sum,{key632:value632}
mmsc|[13,-34,36,-27,27,29,-33,33,39,14,40,-35]|p2name633_mmsc,{key633:value633}
mmsc|[-26,15,13,40,-9,-24,21,49,9,-23,-37,33]|p2name634_mmsc,{key634:value634}
lval|[14,43,33,-7,45,36,8,-44,27,-46,21,25]|p2name635_lval,{key635:value635}
sum|[-4,47,-34,-14,-12,44,-39,-33,48,-50,-28,-40]|p2name636_sum,{key636:value636}
dist|[-50,33,-18,-22,25,-44,11,-17,-40,-8,-34,23]|p2name637_dist,{key637:value637}
sum|[-9,43,26,-34,-40,-8,-6,-48,-24,18,7,-33]|p2name638_sum,{key638:value638}
dist|[-7,48,36,31,-35,24,21,11,43,-14,40,-2]|p2name639_dist,{key639:value639}
hist|[-22,-16,39,14,1,37,18,22,-46,-20,-21,-6]|p2name640_hist,{key640:value640}
sum|[-29,28,7,-13,-11,32,-31,34,5,41,31,-25]|p2name641_sum,{key641:value641}
hist|[-21,-31,45,-7,1,23,36,31,-48,-37,47,-14]|p2name642_hist,{key642:value642}
hist|[0,-22,39,13,43,-10,1,-9,12,9,20,30]|p2name643_hist,{key643:value643}
mmsc|[39,-5,29,33,23,26,3,5,12,13,34,24]|p2name644_mmsc,{key644:value644}
hist|[-4,-10,6,42,4,-6,-20,15,-19,35,7,-36]|p2name645_hist,{key645:value645}
lval|[-29,30,-26,-45,35,-30,-31,5,37,42,-25,-39]|p2name646_lval,{key646:value646}
lval|[-45,-13,29,-26,-14,36,25,9,2,-6,35,-16]|p2name647_lval,{key647:value647}
mmsc|[-41,32,20,-6,10,45,-35,-37,28,-26,-27,-29]|p2name648_mmsc,{key648:value648}
mmsc|[-23,-10,27,-43,-17,-31,24,-24,2,-36,-19,-30]|p2name649_mmsc,{key649:value649}
hist|[6,-34,-32,-22,-39,-25,-28,-5,-12,-8,14,25]|p2name650_hist,{key650:value650}
dist|[21,-25,19,44,20,-16,30,-39,-40,-1,-34,39]|p2name651_dist,{key651:value651}
lval|[-24,-41,29,-39,43,48,-50,45,-11,10,-42,1]|p2name652_lval,{key652:value652}
sum|[-47,-11,-12,-6,-38,13,-15,26,-30,34,-1,17]|p2name653_sum,{key653:value653}
hist|[-50,-10,-14,39,19,-48,-30,36,-28,-22,-12,-46]|p2name654_hist,{key654:value654}
lval|[34,-29,38,-17,-32,-37,-48,14,-25,47,6,10]|p2name655_lval,{key655:value655}
dist|[-11,-42,-15,2,-12,-20,-18,48,-7,29,-35,49]|p2name656_dist,{key656:value656}
sum|[18,-26,29,-16,40,-6,31,3,16,-36,21,-22]|p2name657_sum,{key657:value657}
dist|[-41,-26,-19,-16,43,47,9,-32,20,-3,-37,-24]|p2name658_dist,{key658:value658}
mmsc|[-28,15,11,-36,-30,17,33,16,-32,9,-29,46]|p2name659_mmsc,{key659:value659}
hist|[46,-36,12,-10,-31,-25,-32,-19,29,-22,4,-20]|p2name660_hist,{key660:value660}
lval|[-46,42,-31,46,14,-10,-7,-5,48,4,5,-36]|p2name661_lval,{key661:value661}
lval|[-49,45,-39,47,20,-19,-5,43,29,4,5,-25]|p2name662_lval,{key662:value662}
mmsc|[19,14,-24,-21,-11,-8,22,-6,-27,-10,6,10]|p2name663_mmsc,{key663:value663}
hist|[25,-50,-36,30,-1,-11,32,-35,-17,-34,-49,37]|p2name664_hist,{key664:value664}
mmsc|[27,-32,-13,-30,26,-17,-22,-19,-28,-36,34,7]|p2name665_mmsc,{key665:value665}
hist|[-32,-1,35,8,-8,-40,5,-20,36,32,44,-14]|p2name666_hist,{key666:value666}
sum|[-24,2,33,-1,-27,18,-29,32,26,-50,-41,14]|p2name667_sum,{key667:value667}
sum|[47,-23,21,-45,24,2,41,26,-43,45,25,-41]|p2name668_sum,{key668:value668}
hist|[-22,21,-18,-31,-29,35,26,-46,22,-26,-40,13]|p2name669_hist,{key669:value669}
mmsc|[-29,-7,-1,3,-6,34,-36,-49,31,-28,46,-35]|p2name670_mmsc,{key670:value670}
hist|[-11,17,-23,15,29,2,19,6,-13,-46,-17,-21]|p2name671_hist,{key671:value671}
mmsc|[-12,-20,-14,-10,30,-49,43,-33,-24,-45,-39,-43]|p2name672_mmsc,{key672:value672}
mmsc|[43,45,18,35,6,17,-23,-18,-13,-27,-3,-26]|p2name673_mmsc,{key673:value673}
dist|[-22,-42,5,0,-15,39,-37,-50,4,6,32,-12]|p2name674_dist,{key674:value674}
hist|[-28,1,-7,-10,31,40,22,28,-24,26,-45,0]|p2name675_hist,{key675:value675}
dist|[-22,-20,-40,-36,20,-2,-1,15,-18,17,25,-14]|p2name676_dist,{key676:value676}
lval|[-40,47,45,43,0,-22,44,-25,17,-3,-45,29]|p2name677_lval,{key677:value677}
dist|[-34,-22,-1,11,-32,-10,2,35,46,-30,45,-3]|p2name678_dist,{key678:value678}
mmsc|[-29,34,-8,35,-10,22,26,43,11,-19,21,-45]|p2name679_mmsc,{key679:value679}
mmsc|[42,-41,-40,-20,-42,-13,15,11,41,12,-16,-44]|p2name680_mmsc,{key680:value680}
lval|[-39,-20,5,-14,-21,-38,17,-26,30,6,18,20]|p2name681_lval,{key681:value681}
mmsc|[-13,33,12,1,43,40,-19,2,-45,32,13,-29]|p2name682_mmsc,{key682:value682}
hist|[-14,-11,47,-46,45,-8,-34,-17,7,-6,-5,14]|p2name683_hist,{key683:value683}
sum|[-44,-2,-48,22,-21,28,27,16,5,21,-30,-28]|p2name684_sum,{key684:value684}
lval|[-27,0,-1,-40,43,19,9,4,-13,-47,40,-28]|p2name685_lval,{key685:value685}
sum|[-5,7,19,14,-26,-17,-50,22,12,44,33,13]|p2name686_sum,{key686:value686}
sum|[36,-6,-33,-25,4,-20,14,35,24,-22,-14,29]|p2name687_sum,{key687:value687}
mmsc|[6,-26,37,24,41,-27,12,-23,-3,-7,31,-35]|p2name688_mmsc,{key688:value688}
mmsc|[-8,-44,44,36,-26,-35,-9,35,3,10,24,-15]|p2name689_mmsc,{key689:value689}
lval|[14,-9,32,-49,-50,-10,-37,27,-34,-23,16,35]|p2name690_lval,{key690:value690}
dist|[-38,36,-30,39,-19,13,-36,40,-45,26,28,-35]|p2name691_dist,{key691:value691}
mmsc|[22,10,11,-50,27,8,-45,1,13,-16,-17,-48]|p2name692_mmsc,{key692:value692}
lval|[36,44,27,3,15,-35,13,-41,-46,-29,-26,33]|p2name693_lval,{key693:value693}
mmsc|[7,-41,-36,48,38,-28,23,2,-14,-23,25,-30]|p2name694_mmsc,{key694:value694}
lval|[-15,-39,-22,2,27,-18,-11,5,-10,-24,44,11]|p2name695_lval,{key695:value695}
dist|[-45,-10,10,0,-4,-14,13,-15,-47,-48,40,15]|p2name696_dist,{key696:value696}
lval|[48,27,19,-29,6,37,13,-34,-4,32,-28,-24]|p2name697_lval,{key697:value697}
dist|[-32,-37,-30,-5,47,-22,25,-11,49,41,-26,33]|p2name698_dist,{key698:value698}
dist|[-33,48,31,8,45,-49,20,26,-8,2,-22,-2]|p2name699_dist,{key699:value699}
sum|[-41,9,-40,4,8,-42,-46,45,-15,14,-24,24]|p2name700_sum,{key700:value700}
hist|[39,30,-15,-17,-3,-16,23,48,-8,-38,-6,43]|p2name701_hist,{key701:value701}
hist|[-15,21,27,-27,8,15,-45,-40,5,-30,34,-29]|p2name702_hist,{key702:value702}
lval|[33,16,4,-24,20,29,21,-49,-34,-45,-22,6]|p2name703_lval,{key703:value703}
sum|[-12,12,-1,-5,41,14,7,-3,48,47,-16,-11]|p2name704_sum,{key704:value704}
lval|[-43,3,-6,-34,31,36,26,-2,-49,-30,-50,35]|p2name705_lval,{key705:value705}
lval|[-11,9,12,4,25,-13,-21,-6,46,-18,33,-33]|p2name706_lval,{key706:value706}
hist|[-28,-40,-34,4,-3,9,47,-20,16,48,-2,26]|p2name707_hist,{key707:value707}
sum|[-1,-26,14,-16,3,-39,25,33,-49,40,-32,-44]|p2name708_sum,{key708:value708}
dist|[-26,-48,44,-38,-35,-50,-18,-15,-31,-1,-27,-19]|p2name709_dist,{key709:value709}
lval|[-31,23,-43,-16,11,-50,-33,-37,-11,-30,-10,-23]|p2name710_lval,{key710:value710}
hist|[-8,-5,-46,-18,-30,42,-20,30,27,41,-1,-47]|p2name711_hist,{key711:value711}
dist|[-27,48,-28,11,37,5,19,20,41,9,38,-49]|p2name712_dist,{key712:value712}
mmsc|[15,-36,-3,25,36,35,-43,-19,-33,24,46,-4]|p2name713_mmsc,{key713:value713}
lval|[1,0,19,-47,34,45,-5,13,-6,16,22,27]|p2name714_lval,{key714:value714}
dist|[-40,23,28,-11,-3,-23,8,-34,-9,-37,-21,24]|p2name715_dist,{key715:value715}
dist|[49,-45,-6,-39,48,-48,-17,-29,9,-40,2,-44]|p2name716_dist,{key716:value716}
sum|[1,-34,-38,36,49,17,35,15,-4,-11,19,-28]|p2name717_sum,{key717:value717}
sum|[26,3,-11,-33,12,-40,7,-14,-10,-45,-35,42]|p2name718_sum,{key718:value718}
dist|[29,-28,36,25,-36,2,7,-5,-49,-6,-25,-11]|p2name719_dist,{key719:value719}
sum|[40,18,47,-32,-8,1,46,-21,16,4,20,3]|p2name720_sum,{key720:value720}
mmsc|[-4,-22,3,-21,48,-6,13,47,34,22,46,18]|p2name721_mmsc,{key721:value721}
mmsc|[-30,-2,33,-46,-25,-47,-35,-34,-24,46,-21,1]|p2name722_mmsc,{key722:value722}
mmsc|[39,11,37,1,44,20,-33,-3,2,-41,-42,-24]|p2name723_mmsc,{key723:value723}
dist|[44,36,34,-37,9,-11,40,13,22,-32,-24,-5]|p2name724_dist,{key724:value724}
sum|[37,-10,-16,8,-40,10,20,9,15,-41,7,17]|p2name725_sum,{key725:value725}
dist|[-31,18,-36,42,30,-34,-38,-21,35,2,17,-37]|p2name726_dist,{key726:value726}
lval|[-32,4,31,5,-27,-10,-50,-37,-43,47,30,35]|p2name727_lval,{key727:value727}
hist|[-12,25,-44,-23,-15,34,24,6,-10,11,31,35]|p2name728_hist,{key728:value728}
mmsc|[32,-29,46,-18,38,-10,47,42,-20,13,-50,11]|p2name729_mmsc,{key729:value729}
dist|[40,30,-40,-38,28,31,-28,-4,-5,44,-7,-42]|p2name730_dist,{key730:value730}
lval|[36,16,-45,-34,43,-37,22,6,-21,8,14,-7]|p2name731_lval,{key731:value731}
sum|[47,37,5,-48,-13,26,9,35,23,21,-47,17]|p2name732_sum,{key732:value732}
hist|[-19,16,26,-21,29,32,3,-41,28,14,-17,-26]|p2name733_hist,{key733:value733}
sum|[38,41,-15,-43,-19,-21,-23,30,29,-4,13,45]|p2name734_sum,{key734:value734}
lval|[38,23,26,36,-31,9,46,43,-28,4,-45,-25]|p2name735_lval,{key735:value735}
lval|[-44,-27,14,39,8,-1,32,44,-15,29,-20,5]|p2name736_lval,{key736:value736}
lval|[12,33,38,-27,36,-40,-33,-28,-15,-36,25,-22]|p2name737_lval,{key737:value737}
lval|[15,27,47,-49,29,-6,-43,44,17,22,16,-50]|p2name738_lval,{key738:value738}
mmsc|[37,23,19,-4,14,48,8,-22,-30,-33,-47,24]|p2name739_mmsc,{key739:value739}
sum|[-41,-8,39,-34,-10,-49,-47,-40,-26,-42,-27,-2]|p2name740_sum,{key740:value740}
mmsc|[-35,-5,-28,32,39,19,-42,38,26,-50,9,18]|p2name741_mmsc,{key741:value741}
lval|[-6,-8,37,-36,-3,-42,-30,-47,26,-18,14,18]|p2name742_lval,{key742:value742}
mmsc|[-31,-13,-48,35,43,19,-6,31,5,-19,25,37]|p2name743_mmsc,{key743:value743}
hist|[-47,0,29,7,-40,43,-10,16,35,-27,-13,38]|p2name744_hist,{key744:value744}
sum|[40,39,35,-17,7,9,26,-40,-35,33,-34,-50]|p2name745_sum,{key745:value745}
mmsc|[-1,-3,-37,-10,5,30,42,-23,13,8,-28,23]|p2name746_mmsc,{key746:value746}
dist|[40,9,34,-36,-23,-15,1,-19,-26,-32,31,-46]|p2name747_dist,{key747:value747}
mmsc|[34,4,-1,24,20,41,-10,-7,-9,10,-8,1]|p2name748_mmsc,{key748:value748}
mmsc|[-33,-45,-43,24,-49,-14,23,49,-40,27,-42,5]|p2name749_mmsc,{key749:value749}
sum|[-8,-37,18,33,37,24,-5,-34,47,19,-4,-25]|p2name750_sum,{key750:value750}
hist|[-9,20,5,26,-17,-19,15,-44,-27,1,-15,47]|p2name751_hist,{key751:value751}
hist|[-4,-31,13,47,9,-8,14,-40,16,-43,0,18]|p2name752_hist,{key752:value752}
hist|[-4,44,-9,-29,-6,-30,-34,25,2,3,47,13]|p2name753_hist,{key753:value753}
mmsc|[-32,48,18,-17,30,44,-12,-19,-35,46,-8,3]|p2name754_mmsc,{key754:value754}
sum|[9,2,-11,7,-12,12,46,-15,-38,-2,-1,18]|p2name755_sum,{key755:value755}
sum|[-2,40,-50,48,-40,47,-31,-24,-49,4,42,-42]|p2name756_sum,{key756:value756}
mmsc|[-8,39,-29,36,-22,25,14,-15,-30,13,-2,-33]|p2name757_mmsc,{key757:value757}
lval|[-42,6,3,44,2,8,1,-36,13,47,10,39]|p2name758_lval,{key758:value758}
mmsc|[-27,-31,-15,24,-3,-20,-39,-9,-38,-33,-5,-18]|p2name759_mmsc,{key759:value759}
mmsc|[-38,3,-31,-46,19,41,15,-1,5,-28,-10,12]|p2name760_mmsc,{key760:value760}
hist|[-28,48,-2,-45,-36,-8,-37,4,41,46,12,-31]|p2name761_hist,{key761:value761}
mmsc|[39,29,-49,-9,-30,30,10,-38,11,20,4,48]|p2name762_mmsc,{key762:value762}
hist|[-18,20,-45,35,-33,40,-19,18,47,-22,33,48]|p2name763_hist,{key763:value763}
hist|[-36,43,-16,-12,13,-3,-32,35,48,-18,-1,1]|p2name764_hist,{key764:value764}
sum|[-46,-7,-13,31,16,36,28,45,39,-43,-18,49]|p2name765_sum,{key765:value765}
lval|[27,0,-20,48,45,5,-9,-49,3,33,-39,-35]|p2name766_lval,{key766:value766}
hist|[-41,17,39,-42,9,1,-4,-5,37,-16,-26,-40]|p2name767_hist,{key767:value767}
dist|[-32,-46,-25,-16,-7,43,10,6,-49,-22,-1,-36]|p2name768_dist,{key768:value768}
mmsc|[10,30,-46,46,-20,-47,16,-45,14,-26,28,-39]|p2name769_mmsc,{key769:value769}
lval|[39,-27,48,-21,44,0,43,2,-43,24,-46,-48]|p2name770_lval,{key770:value770}
mmsc|[-2,-6,-48,-29,5,32,-36,-31,-21,25,-5,34]|p2name771_mmsc,{key771:value771}
sum|[22,18,-4,-6,-34,-15,-49,-31,1,3,10,42]|p2name772_sum,{key772:value772}
dist|[-19,42,21,-29,35,28,4,-37,30,22,-38,-16]|p2name773_dist,{key773:value773}
sum|[19,-15,40,-5,-16,-21,20,-33,-20,15,47,-19]|p2name774_sum,{key774:value774}
sum|[36,32,28,17,19,4,15,6,-6,-37,40,49]|p2name775_sum,{key775:value775}
sum|[6,-10,36,-49,-16,11,-34,-43,26,-30,21,44]|p2name776_sum,{key776:value776}
dist|[-16,23,-21,-38,-39,31,-33,-15,-30,28,22,-26]|p2name777_dist,{key777:value777}
hist|[41,-16,30,-13,23,-27,31,46,-39,-24,38,-15]|p2name778_hist,{key778:value778}
dist|[-2,23,24,-38,21,39,-10,-31,11,-30,-37,-39]|p2name779_dist,{key779:value779}
lval|[17,-20,-49,-37,-6,-15,39,8,7,25,-40,-32]|p2name780_lval,{key780:value780}
dist|[-33,-20,1,-1,11,44,3,-30,-18,-45,-19,8]|p2name781_dist,{key781:value781}
dist|[15,18,-8,2,40,-39,-9,-28,-10,-25,23,47]|p2name782_dist,{key782:value782}
lval|[14,-21,-10,36,0,47,-38,-36,10,-7,19,-19]|p2name783_lval,{key783:value783}
dist|[19,-41,-13,12,-11,31,38,41,37,-5,6,33]|p2name784_dist,{key784:value784}
sum|[-39,44,20,49,-18,-4,21,6,-8,-29,-38,-6]|p2name785_sum,{key785:value785}
mmsc|[27,-30,25,10,-49,24,-35,-46,-48,20,46,-50]|p2name786_mmsc,{key786:value786}
lval|[-33,-39,-15,-26,-1,-44,-12,47,-8,23,-34,35]|p2name787_lval,{key787:value787}
hist|[12,43,4,36,-50,31,-45,40,27,-25,-44,-48]|p2name788_hist,{key788:value788}
hist|[-23,-32,-41,39,-38,-28,-43,23,-19,-37,16,-11]|p2name789_hist,{key789:value789}
hist|[-16,24,11,-13,-26,30,-39,4,36,34,-23,39]|p2name790_hist,{key790:value790}
hist|[-26,20,-25,46,-12,24,-18,-10,23,35,-39,-41]|p2name791_hist,{key791:value791}
hist|[-33,-9,30,-49,-13,-1,45,44,27,-22,20,5]|p2name792_hist,{key792:value792}
mmsc|[-23,3,1,-38,-15,12,-42,37,-8,-13,-5,19]|p2name793_mmsc,{key793:value793}
hist|[-27,40,43,-4,48,21,-10,7,17,-40,33,28]|p2name794_hist,{key794:value794}
lval|[-21,31,7,-45,-43,41,-23,-8,-31,14,9,18]|p2name795_lval,{key795:value795}
lval|[-6,-9,-30,49,20,32,9,5,4,35,-47,29]|p2name796_lval,{key796:value796}
mmsc|[42,39,30,5,21,8,-44,-19,-41,25,13,40]|p2name797_mmsc,{key797:value797}
sum|[43,-21,-14,-12,-37,-27,-28,5,-33,44,14,6]|p2name798_sum,{key798:value798}
sum|[18,17,-41,22,49,25,26,-8,35,29,36,-9]|p2name799_sum,{key799:value799}
hist|[48,-24,-37,-28,-5,16,14,24,-1,34,0,-7]|p2name800_hist,{key800:value800}
sum|[32,-39,48,30,21,-24,41,45,-29,9,1,-35]|p2name801_sum,{key801:value801}
hist|[-34,-35,-20,33,42,25,-32,-50,-27,-10,47,2]|p2name802_hist,{key802:value802}
sum|[41,18,-6,-36,31,38,22,-42,12,8,-14,-34]|p2name803_sum,{key803:value803}
dist|[-14,-36,8,4,12,0,25,-15,13,-1,-26,-39]|p2name804_dist,{key804:value804}
mmsc|[-31,-14,-1,-8,16,40,22,-34,3,-29,-25,-9]|p2name805_mmsc,{key805:value805}
sum|[48,16,-25,-17,29,27,3,-15,33,25,-43,-22]|p2name806_sum,{key806:value806}
lval|[4,-38,24,33,47,-27,-19,-23,42,27,38,-29]|p2name807_lval,{key807:value807}
mmsc|[16,31,-38,-39,6,21,-45,44,-34,22,-25,0]|p2name808_mmsc,{key808:value808}
dist|[-50,11,-27,-42,-43,-12,-9,24,-13,14,-40,1]|p2name809_dist,{key809:value809}
lval|[-47,4,-28,17,-12,-13,38,-10,21,-27,-42,-31]|p2name810_lval,{key810:value810}
dist|[40,38,12,-4,-28,-1,-47,11,-18,26,-49,-16]|p2name811_dist,{key811:value811}
mmsc|[45,0,33,20,-32,49,38,41,-39,9,-48,21]|p2name812_mmsc,{key812:value812}
hist|[15,-38,-25,27,48,-8,-5,-18,-19,-28,11,-9]|p2name813_hist,{key813:value813}
lval|[6,-32,31,-46,-16,-42,30,-39,1,42,-19,-2]|p2name814_lval,{key814:value814}
hist|[45,-8,-3,-4,-42,-40,31,5,17,21,25,-46]|p2name815_hist,{key815:value815}
dist|[38,46,43,-48,13,3,9,-23,11,-47,-5,5]|p2name816_dist,{key816:value816}
hist|[18,17,-37,44,-39,21,11,-11,6,-23,26,28]|p2name817_hist,{key817:value817}
lval|[-35,-47,37,-10,42,36,6,41,-29,-48,1,35]|p2name818_lval,{key818:value818}
sum|[19,9,-9,42,-8,-32,-33,-29,11,-50,43,-10]|p2name819_sum,{key819:value819}
lval|[3,-2,22,29,8,-38,5,-46,34,15,-42,-41]|p2name820_lval,{key820:value820}
dist|[33,1,-30,28,-3,-40,7,43,16,47,22,-29]|p2name821_dist,{key821:value821}
hist|[1,35,-38,-49,32,-43,12,11,38,19,15,10]|p2name822_hist,{key822:value822}
dist|[9,41,-33,48,21,38,-37,-36,-28,-17,40,12]|p2name823_dist,{key823:value823}
lval|[49,-27,16,-14,-32,47,35,24,48,-33,25,5]|p2name824_lval,{key824:value824}
hist|[-34,-35,12,-16,41,29,-2,-13,45,-48,19,18]|p2name825_hist,{key825:value825}
dist|[-32,4,45,22,0,-26,39,-49,-36,-46,-12,-6]|p2name826_dist,{key826:value826}
mmsc|[36,-46,-39,30,-44,-3,17,11,29,46,39,14]|p2name827_mmsc,{key827:value827}
lval|[5,-16,-49,37,-20,-12,34,-9,-7,-30,2,-36]|p2name828_lval,{key828:value828}
sum|[11,-48,-47,-18,7,-21,-45,-11,46,-40,-32,20]|p2name829_sum,{key829:value829}
dist|[12,3,43,-9,-11,31,4,18,-10,40,-40,1]|p2name830_dist,{key830:value830}
dist|[-33,-16,11,34,-47,31,-34,44,-35,-25,39,0]|p2name831_dist,{key831:value831}
sum|[-3,10,-18,12,-35,11,-7,-24,35,30,27,-14]|p2name832_sum,{key832:value832}
mmsc|[-17,45,-46,-45,-30,-43,22,-9,-2,-33,16,-3]|p2name833_mmsc,{key833:value833}
lval|[-30,-16,-46,7,48,-2,-33,-22,-44,15,28,13]|p2name834_lval,{key834:value834}
sum|[9,21,17,-34,-16,-48,13,41,-8,-39,19,-11]|p2name835_sum,{key835:value835}
dist|[-11,-7,40,46,38,43,3,-10,9,21,42,-9]|p2name836_dist,{key836:value836}
hist|[-1,-13,19,-47,-40,48,12,-34,23,16,-25,-14]|p2name837_hist,{key837:value837}
lval|[-22,35,33,-46,-41,-23,-13,39,-28,-40,-49,-48]|p2name838_lval,{key838:value838}
hist|[-50,-42,-17,-47,-34,49,9,-32,-35,17,28,0]|p2name839_hist,{key839:value839}
lval|[44,27,-15,-7,-40,-48,17,16,7,37,-37,-23]|p2name840_lval,{key840:value840}
mmsc|[-20,27,-11,10,5,11,-30,4,-19,-18,-4,44]|p2name841_mmsc,{key841:value841}
mmsc|[-23,-48,-37,36,-24,22,37,29,-25,-41,-29,4]|p2name842_mmsc,{key842:value842}
hist|[16,30,-50,29,18,34,-6,27,-40,-4,-43,-39]|p2name843_hist,{key843:value843}
hist|[-12,26,12,17,-38,-41,-35,-11,-20,8,-13,13]|p2name844_hist,{key844:value844}
mmsc|[-20,-44,-28,17,-37,-23,-1,47,-45,37,-17,-10]|p2name845_mmsc,{key845:value845}
mmsc|[-31,25,26,42,39,-3,16,22,-48,-27,35,23]|p2name846_mmsc,{key846:value846}
hist|[-28,27,29,-36,0,-46,-44,42,17,15,19,22]|p2name847_hist,{key847:value847}
hist|[29,-7,-47,1,-8,44,43,5,-43,30,3,33]|p2name848_hist,{key848:value848}
mmsc|[31,-2,27,23,-17,-4,11,-6,47,-27,-37,-24]|p2name849_mmsc,{key849:value849}
hist|[40,-35,45,27,-32,18,-16,-39,0,-19,-7,-17]|p2name850_hist,{key850:value850}
mmsc|[-8,-4,41,48,-11,9,20,-19,-46,42,-38,46]|p2name851_mmsc,{key851:value851}
dist|[25,-38,0,-13,-18,16,13,23,10,-45,21,-30]|p2name852_dist,{key852:value852}
sum|[-43,36,11,-5,10,0,-38,-37,22,-19,24,-24]|p2name853_sum,{key853:value853}
mmsc|[-8,-25,13,47,45,-30,6,37,46,11,32,-12]|p2name854_mmsc,{key854:value854}
lval|[-7,-3,10,22,1,-24,-27,14,-46,-47,3,48]|p2name855_lval,{key855:value855}
lval|[-14,28,-35,0,-24,44,-47,-12,29,-25,19,-33]|p2name856_lval,{key856:value856}
sum|[-49,9,-39,41,39,32,0,-50,-48,23,33,-36]|p2name857_sum,{key857:value857}
dist|[-28,-9,23,-45,30,28,27,15,49,-42,5,-47]|p2name858_dist,{key858:value858}
sum|[45,-41,38,-10,-50,-26,-44,-3,44,-40,-33,-42]|p2name859_sum,{key859:value859}
mmsc|[10,-23,22,2,44,28,38,32,-42,30,-2,19]|p2name860_mmsc,{key860:value860}
dist|[-14,-25,49,34,30,-35,40,-30,-8,-38,33,-13]|p2name861_dist,{key861:value861}
hist|[-7,22,-21,-13,-10,-38,-12,8,-45,44,21,-31]|p2name862_hist,{key862:value862}
hist|[49,20,-6,21,-21,-15,-44,-38,-32,-18,23,-8]|p2name863_hist,{key863:value863}
sum|[8,-24,47,18,45,-48,31,29,4,-18,38,-30]|p2name864_sum,{key864:value864}
sum|[37,40,33,-43,26,20,-26,47,-19,-27,13,-32]|p2name865_sum,{key865:value865}
dist|[4,20,-25,9,13,34,43,-26,40,-13,-1,2]|p2name866_dist,{key866:value866}
sum|[6,33,38,-26,45,-5,-38,41,48,35,-35,42]|p2name867_sum,{key867:value867}
lval|[34,20,33,38,-40,5,-2,-30,-21,-4,-45,13]|p2name868_lval,{key868:value868}
sum|[-48,9,32,7,47,28,-1,15,23,10,16,-22]|p2name869_sum,{key869:value869}
mmsc|[35,11,16,-31,-30,34,42,44,-21,39,2,40]|p2name870_mmsc,{key870:value870}
dist|[-7,-5,-32,47,-25,45,7,-12,-17,-47,-19,16]|p2name871_dist,{key871:value871}
hist|[48,-20,-22,-47,-8,-14,-30,6,22,-19,44,-16]|p2name872_hist,{key872:value872}
dist|[-31,37,-3,15,19,-37,-10,32,-7,5,-26,46]|p2name873_dist,{key873:value873}
sum|[42,22,-14,-10,8,-31,48,-1,19,-32,-13,-12]|p2name874_sum,{key874:value874}
dist|[32,6,-17,-35,47,34,7,-8,9,23,-34,-28]|p2name875_dist,{key875:value875}
lval|[30,-29,6,-24,46,40,19,3,24,-18,-43,-28]|p2name876_lval,{key876:value876}
mmsc|[-23,-38,12,-34,42,15,19,25,6,-6,9,-10]|p2name877_mmsc,{key877:value877}
lval|[27,-27,-34,-9,16,-41,-7,20,30,34,44,-18]|p2name878_lval,{key878:value878}
lval|[15,-8,10,-33,36,-31,-11,28,42,12,3,-30]|p2name879_lval,{key879:value879}
sum|[-38,29,47,-27,-4,22,-1,-48,-36,13,11,9]|p2name880_sum,{key880:value880}
dist|[-11,-27,36,-4,-20,27,14,7,-33,-13,49,-32]|p2name881_dist,{key881:value881}
dist|[-27,-43,4,-21,-8,28,-26,-50,18,30,-24,3]|p2name882_dist,{key882:value882}
sum|[49,34,-37,-29,-33,-25,-45,-1,-2,19,-28,-35]|p2name883_sum,{key883:value883}
lval|[-10,46,-25,-43,-15,29,-23,8,28,25,-9,31]|p2name884_lval,{key884:value884}
lval|[-7,-20,-27,-44,-47,-34,38,14,17,42,-21,-41]|p2name885_lval,{key885:value885}
hist|[27,39,25,41,-45,44,-35,-36,0,37,-41,19]|p2name886_hist,{key886:value886}
lval|[25,2,-36,42,-41,45,34,21,40,39,-6,-1]|p2name887_lval,{key887:value887}
lval|[-40,45,19,12,-46,-18,-50,-34,29,43,18,13]|p2name888_lval,{key888:value888}
sum|[-9,27,40,-27,25,3,35,7,42,36,31,-43]|p2name889_sum,{key889:value889}
mmsc|[-32,31,-12,-16,-30,-1,18,-4,-6,-21,-44,39]|p2name890_mmsc,{key890:value890}
dist|[-40,-13,-2,33,2,-3,11,18,-8,-24,-6,-12]|p2name891_dist,{key891:value891}
hist|[-6,-12,-43,13,-25,-5,-24,-28,33,-10,5,37]|p2name892_hist,{key892:value892}
dist|[3,-19,39,29,-42,-2,44,6,43,7,12,16]|p2name893_dist,{key893:value893}
mmsc|[26,-35,-4,-5,-21,-48,35,31,44,14,45,23]|p2name894_mmsc,{key894:value894}
sum|[-6,-1,4,14,-46,-28,-5,31,-45,40,44,-9]|p2name895_sum,{key895:value895}
lval|[-20,-33,-26,9,-4,49,0,42,-44,-15,38,-11]|p2name896_lval,{key896:value896}
dist|[-14,-33,32,10,-40,-48,46,-43,5,-29,45,26]|p2name897_dist,{key897:value897}
lval|[43,11,-13,-29,44,-43,-30,-14,22,-2,30,-42]|p2name898_lval,{key898:value898}
mmsc|[28,32,34,-15,-10,-48,24,-47,-31,-16,-50,-12]|p2name899_mmsc,{key899:value899}
hist|[-33,28,21,38,-34,-42,-1,-49,2,-21,-22,-30]|p2name900_hist,{key900:value900}
hist|[-8,30,14,-40,42,3,34,6,-6,-44,43,-21]|p2name901_hist,{key901:value901}
sum|[-2,5,7,-43,-19,8,1,42,-39,29,38,-33]|p2name902_sum,{key902:value902}
lval|[41,29,-17,-39,-25,31,-13,-44,49,-23,-1,7]|p2name903_lval,{key903:value903}
mmsc|[-18,-10,-3,-31,-28,-27,22,-20,3,26,11,12]|p2name904_mmsc,{key904:value904}
mmsc|[14,36,32,15,-33,23,10,35,17,20,5,-39]|p2name905_mmsc,{key905:value905}
hist|[33,-2,-21,-36,-11,21,-37,-45,25,26,4,43]|p2name906_hist,{key906:value906}
hist|[-23,10,29,16,-44,-49,-25,-6,-19,-29,-41,42]|p2name907_hist,{key907:value907}
dist|[41,43,32,-25,-37,-49,-47,36,9,-18,-21,5]|p2name908_dist,{key908:value908}
lval|[12,24,33,-18,-33,-14,42,43,30,-32,11,-31]|p2name909_lval,{key909:value909}
mmsc|[44,-12,-32,39,-43,-25,4,-7,-9,41,32,-34]|p2name910_mmsc,{key910:value910}
lval|[20,33,-28,-16,3,11,-42,-1,-45,-18,-17,19]|p2name911_lval,{key911:value911}
sum|[-10,44,2,43,8,0,14,-49,-43,-21,-41,-35]|p2name912_sum,{key912:value912}
hist|[-4,40,-20,-29,42,0,-48,-34,-22,-38,20,24]|p2name913_hist,{key913:value913}
mmsc|[-46,-36,-7,44,-39,8,43,-13,-1,-49,12,-47]|p2name914_mmsc,{key914:value914}
sum|[-23,9,-5,31,32,1,-47,-32,-17,37,40,13]|p2name915_sum,{key915:value915}
sum|[-1,-8,27,36,44,-36,41,18,2,-45,-18,42]|p2name916_sum,{key916:value916}
sum|[46,11,-10,-26,-28,-37,27,40,0,-47,-46,-17]|p2name917_sum,{key917:value917}
mmsc|[18,11,1,-33,17,-47,-38,-10,-43,14,-45,22]|p2name918_mmsc,{key918:value918}
sum|[7,-41,5,-38,20,-47,49,12,-13,-5,17,-31]|p2name919_sum,{key919:value919}
mmsc|[31,13,-1,-12,5,-15,10,-32,-11,-5,30,33]|p2name920_mmsc,{key920:value920}
hist|[-43,0,44,5,-28,21,-36,-50,-12,37,35,-22]|p2name921_hist,{key921:value921}
hist|[18,8,-4,-1,17,-16,6,-29,-11,-42,-13,3]|p2name922_hist,{key922:value922}
lval|[22,38,-7,20,26,-34,-24,42,-27,-23,8,4]|p2name923_lval,{key923:value923}
dist|[17,11,-21,-37,-26,-11,-8,5,-34,21,-41,-40]|p2name924_dist,{key924:value924}
mmsc|[34,-14,36,12,28,20,-3,13,-25,-17,0,39]|p2name925_mmsc,{key925:value925}
dist|[-1,15,-36,-35,10,-38,8,39,44,-41,18,47]|p2name926_dist,{key926:value926}
dist|[-4,-32,37,48,13,26,42,40,-34,15,-38,-29]|p2name927_dist,{key927:value927}
hist|[3,-2,-6,-24,7,38,-49,35,-4,-21,43,36]|p2name928_hist,{key928:value928}
lval|[0,31,45,-3,-41,37,-22,-21,-47,-19,-1,-38]|p2name929_lval,{key929:value929}
sum|[-23,22,-17,14,4,-25,24,17,-5,-36,-32,-13]|p2name930_sum,{key930:value930}
hist|[12,37,5,13,-27,3,-20,-43,41,30,-35,-28]|p2name931_hist,{key931:value931}
sum|[-32,9,22,-16,-49,-33,34,-12,21,-20,-23,42]|p2name932_sum,{key932:value932}
hist|[-44,46,21,30,-20,-2,-39,37,-27,31,-33,-3]|p2name933_hist,{key933:value933}
dist|[3,-14,8,-32,32,-12,1,19,-16,-18,-13,38]|p2name934_dist,{key934:value934}
sum|[-34,31,15,36,-19,-33,-1,28,-11,9,-32,-7]|p2name935_sum,{key935:value935}
hist|[-40,27,-8,-9,11,33,19,-6,-26,-28,0,-25]|p2name936_hist,{key936:value936}
mmsc|[-18,11,-31,-10,28,-8,39,14,35,6,-50,-21]|p2name937_mmsc,{key937:value937}
lval|[37,26,-5,-9,6,47,-22,-34,-3,36,-45,-29]|p2name938_lval,{key938:value938}
mmsc|[-48,21,-38,25,-45,-13,-46,-32,-16,47,-41,-5]|p2name939_mmsc,{key939:value939}
mmsc|[43,40,39,17,-48,47,4,-24,10,27,15,14]|p2name940_mmsc,{key940:value940}
sum|[8,18,17,-16,39,-2,44,-31,-24,-1,32,6]|p2name941_sum,{key941:value941}
hist|[-24,45,31,18,1,-30,0,43,7,11,17,20]|p2name942_hist,{key942:value942}
mmsc|[-20,-50,-45,40,-16,-22,4,-26,-5,37,-48,-43]|p2name943_mmsc,{key943:value943}
hist|[39,46,28,-21,-18,31,-4,41,23,33,-32,24]|p2name944_hist,{key944:value944}
sum|[-31,41,29,-15,32,24,35,20,-35,-24,-43,39]|p2name945_sum,{key945:value945}
hist|[40,33,-1,11,36,8,38,29,28,45,-21,43]|p2name946_hist,{key946:value946}
lval|[-3,18,-48,17,10,49,-38,24,14,-46,3,-47]|p2name947_lval,{key947:value947}
hist|[-9,-43,30,19,-27,-15,45,31,-10,-28,20,0]|p2name948_hist,{key948:value948}
dist|[5,-50,-28,13,19,14,-11,-38,-19,3,-32,28]|p2name949_dist,{key949:value949}
lval|[-18,1,19,-45,17,42,-3,-4,39,-10,-5,25]|p2name950_lval,{key950:value950}
mmsc|[-25,-12,22,10,43,39,32,-21,-17,-43,23,-38]|p2name951_mmsc,{key951:value951}
sum|[-11,31,27,-39,10,8,-43,-26,46,34,-25,41]|p2name952_sum,{key952:value952}
lval|[9,15,35,22,-47,34,36,-5,1,39,8,-1]|p2name953_lval,{key953:value953}
hist|[43,-38,9,-39,-28,21,31,-22,-2,-6,-12,32]|p2name954_hist,{key954:value954}
hist|[-46,4,23,-29,-24,-10,-14,49,-37,26,13,36]|p2name955_hist,{key955:value955}
lval|[-46,-2,1,-5,-29,14,-19,-16,48,-1,-47,-11]|p2name956_lval,{key956:value956}
mmsc|[45,11,17,23,-23,-43,-1,-27,26,32,35,43]|p2name957_mmsc,{key957:value957}
hist|[-37,-47,-29,-25,-49,41,-14,-32,29,27,40,43]|p2name958_hist,{key958:value958}
hist|[20,-16,40,-14,-10,26,-18,23,-11,-29,28,-8]|p2name959_hist,{key959:value959}
mmsc|[-41,-8,29,13,35,3,19,-13,25,-34,46,-39]|p2name960_mmsc,{key960:value960}
lval|[13,37,-5,11,-41,-45,39,18,20,9,26,-14]|p2name961_lval,{key961:value961}
sum|[25,-38,-34,-36,-50,33,49,0,9,-14,4,-28]|p2name962_sum,{key962:value962}
dist|[-38,-24,-49,42,40,20,-13,14,24,23,-22,-29]|p2name963_dist,{key963:value963}
dist|[-45,12,-23,31,-39,-19,45,25,-21,-17,-36,20]|p2name964_dist,{key964:value964}
hist|[5,-14,19,40,44,32,-15,9,-7,-26,-4,24]|p2name965_hist,{key965:value965}
lval|[7,31,-3,-15,42,13,-38,-16,49,-31,11,23]|p2name966_lval,{key966:value966}
mmsc|[17,-21,-19,-13,46,-41,-6,-42,1,-35,-34,-10]|p2name967_mmsc,{key967:value967}
lval|[-34,2,31,47,-31,10,-39,48,23,-18,22,-19]|p2name968_lval,{key968:value968}
sum|[-48,42,-26,-19,12,40,47,48,4,-22,34,44]|p2name969_sum,{key969:value969}
sum|[0,13,-16,-49,-24,-20,-39,1,-11,-27,2,43]|p2name970_sum,{key970:value970}
hist|[0,-39,-40,-6,36,33,39,-45,-47,-17,6,37]|p2name971_hist,{key971:value971}
mmsc|[-40,-50,9,-43,44,27,15,0,29,-41,33,32]|p2name972_mmsc,{key972:value972}
lval|[26,47,2,-36,-27,-29,-34,32,1,-12,27,-10]|p2name973_lval,{key973:value973}
hist|[10,2,-42,-31,-4,-37,39,14,44,-30,-40,-21]|p2name974_hist,{key974:value974}
hist|[-28,-7,-13,1,9,21,-40,-41,20,49,39,-6]|p2name975_hist,{key975:value975}
mmsc|[-38,42,35,-2,-32,-47,-39,-37,7,34,-1,27]|p2name976_mmsc,{key976:value976}
mmsc|[-22,-7,-5,41,-50,25,29,-39,-48,0,-33,-37]|p2name977_mmsc,{key977:value977}
lval|[20,-21,-28,40,41,2,30,-47,34,43,39,19]|p2name978_lval,{key978:value978}
hist|[-16,-18,24,2,4,-12,-1,-13,-42,40,-10,-20]|p2name979_hist,{key979:value979}
mmsc|[-11,-30,36,-19,-23,2,40,-17,38,24,37,-39]|p2name980_mmsc,{key980:value980}
sum|[-41,23,24,8,4,-34,-1,-26,-28,30,-36,-29]|p2name981_sum,{key981:value981}
lval|[-6,11,-31,22,-4,16,-3,20,44,-28,8,40]|p2name982_lval,{key982:value982}
hist|[-28,-42,-47,-19,27,-43,-30,28,-34,16,4,0]|p2name983_hist,{key983:value983}
mmsc|[18,-44,10,-28,-17,27,23,14,3,43,-38,15]|p2name984_mmsc,{key984:value984}
sum|[11,-12,-8,40,2,19,12,9,-44,0,35,16]|p2name985_sum,{key985:value985}
dist|[-34,-7,36,44,28,27,-14,-23,-6,-46,39,-42]|p2name986_dist,{key986:value986}
dist|[38,-7,-48,29,31,-16,-45,23,-49,-26,46,-40]|p2name987_dist,{key987:value987}
lval|[-43,-42,-48,48,-1,39,21,23,3,-14,43,40]|p2name988_lval,{key988:value988}
sum|[-20,-45,24,-7,2,-12,1,31,14,36,21,12]|p2name989_sum,{key989:value989}
mmsc|[-7,-36,14,39,-26,-35,32,35,22,-45,-29,27]|p2name990_mmsc,{key990:value990}
lval|[29,-20,41,-22,28,-34,-17,16,25,-1,11,34]|p2name991_lval,{key991:value991}
mmsc|[-20,15,-42,-29,8,-2,-49,-21,-39,20,40,7]|p2name992_mmsc,{key992:value992}
hist|[19,-37,-25,27,45,-45,29,-16,34,30,15,48]|p2name993_hist,{key993:value993}
sum|[-33,18,42,46,-30,-8,44,31,32,-18,1,9]|p2name994_sum,{key994:value994}
hist|[-16,-8,37,-26,-39,20,46,-30,-28,-20,42,18]|p2name995_hist,{key995:value995}
mmsc|[38,-31,37,46,29,28,-28,-40,-14,47,4,19]|p2name996_mmsc,{key996:value996}
mmsc|[-6,34,47,39,-24,43,35,9,17,23,-31,-38]|p2name997_mmsc,{key997:value997}
hist|[0,3,-27,-26,-3,30,-15,42,-19,38,35,12]|p2name998_hist,{key998:value998}
sum|[3,-5,-31,-27,-45,-7,43,1,-43,37,18,40]|p2name999_sum,{key999:value999}
